-- phpMyAdmin SQL Dump
-- version 5.0.1
-- https://www.phpmyadmin.net/
--
-- Host: localhost
-- Generation Time: Feb 21, 2020 at 01:37 PM
-- Server version: 10.4.11-MariaDB
-- PHP Version: 7.4.2

SET SQL_MODE = "NO_AUTO_VALUE_ON_ZERO";
SET AUTOCOMMIT = 0;
START TRANSACTION;
SET time_zone = "+00:00";


/*!40101 SET @OLD_CHARACTER_SET_CLIENT=@@CHARACTER_SET_CLIENT */;
/*!40101 SET @OLD_CHARACTER_SET_RESULTS=@@CHARACTER_SET_RESULTS */;
/*!40101 SET @OLD_COLLATION_CONNECTION=@@COLLATION_CONNECTION */;
/*!40101 SET NAMES utf8mb4 */;

--
-- Database: `eapi`
--

-- --------------------------------------------------------

--
-- Table structure for table `failed_jobs`
--

CREATE TABLE `failed_jobs` (
  `id` bigint(20) UNSIGNED NOT NULL,
  `connection` text COLLATE utf8mb4_unicode_ci NOT NULL,
  `queue` text COLLATE utf8mb4_unicode_ci NOT NULL,
  `payload` longtext COLLATE utf8mb4_unicode_ci NOT NULL,
  `exception` longtext COLLATE utf8mb4_unicode_ci NOT NULL,
  `failed_at` timestamp NOT NULL DEFAULT current_timestamp()
) ENGINE=InnoDB DEFAULT CHARSET=utf8mb4 COLLATE=utf8mb4_unicode_ci;

-- --------------------------------------------------------

--
-- Table structure for table `migrations`
--

CREATE TABLE `migrations` (
  `id` int(10) UNSIGNED NOT NULL,
  `migration` varchar(255) COLLATE utf8mb4_unicode_ci NOT NULL,
  `batch` int(11) NOT NULL
) ENGINE=InnoDB DEFAULT CHARSET=utf8mb4 COLLATE=utf8mb4_unicode_ci;

--
-- Dumping data for table `migrations`
--

INSERT INTO `migrations` (`id`, `migration`, `batch`) VALUES
(1, '2014_10_12_000000_create_users_table', 1),
(2, '2014_10_12_100000_create_password_resets_table', 1),
(3, '2019_08_19_000000_create_failed_jobs_table', 1),
(4, '2020_02_21_120812_create_products_table', 1),
(5, '2020_02_21_120831_create_reviews_table', 1);

-- --------------------------------------------------------

--
-- Table structure for table `password_resets`
--

CREATE TABLE `password_resets` (
  `email` varchar(255) COLLATE utf8mb4_unicode_ci NOT NULL,
  `token` varchar(255) COLLATE utf8mb4_unicode_ci NOT NULL,
  `created_at` timestamp NULL DEFAULT NULL
) ENGINE=InnoDB DEFAULT CHARSET=utf8mb4 COLLATE=utf8mb4_unicode_ci;

-- --------------------------------------------------------

--
-- Table structure for table `products`
--

CREATE TABLE `products` (
  `id` int(10) UNSIGNED NOT NULL,
  `name` varchar(255) COLLATE utf8mb4_unicode_ci NOT NULL,
  `detail` text COLLATE utf8mb4_unicode_ci NOT NULL,
  `price` int(11) NOT NULL,
  `stock` int(11) NOT NULL,
  `discount` int(11) NOT NULL,
  `created_at` timestamp NULL DEFAULT NULL,
  `updated_at` timestamp NULL DEFAULT NULL
) ENGINE=InnoDB DEFAULT CHARSET=utf8mb4 COLLATE=utf8mb4_unicode_ci;

--
-- Dumping data for table `products`
--

INSERT INTO `products` (`id`, `name`, `detail`, `price`, `stock`, `discount`, `created_at`, `updated_at`) VALUES
(1, 'et', 'Expedita perferendis voluptatem quia. Possimus voluptates non officiis dolor. Fugiat ut voluptate et aut qui dicta.', 494, 7, 29, '2020-02-21 06:05:22', '2020-02-21 06:05:22'),
(2, 'eum', 'Itaque perferendis deserunt non at quam quod sunt debitis. Iste commodi eveniet quia vel illum. Repellendus qui qui qui saepe.', 808, 7, 23, '2020-02-21 06:05:22', '2020-02-21 06:05:22'),
(3, 'mollitia', 'Et consectetur debitis corrupti magni. Recusandae numquam temporibus quas ea quod et. Sed voluptatem et consectetur qui rem hic. Recusandae non hic et quisquam iste totam id.', 312, 0, 4, '2020-02-21 06:05:23', '2020-02-21 06:05:23'),
(4, 'ipsam', 'Velit perferendis illum et. Quam ad nemo autem sed laborum ea neque. Dolorum nisi est numquam qui non quae.', 267, 7, 11, '2020-02-21 06:05:23', '2020-02-21 06:05:23'),
(5, 'rerum', 'Autem est rem laboriosam nihil. Similique ut totam consequatur non nihil. Aut dignissimos omnis voluptatibus est quo fugiat id. Veniam nostrum temporibus voluptates ipsa nulla molestiae doloremque earum.', 832, 9, 14, '2020-02-21 06:05:23', '2020-02-21 06:05:23'),
(6, 'nemo', 'Sunt sapiente molestias id maxime voluptatem ducimus. Tempora iste amet voluptatem vel consectetur nam labore. Et cum voluptatem iste autem molestiae eos veritatis.', 396, 5, 7, '2020-02-21 06:05:23', '2020-02-21 06:05:23'),
(7, 'nisi', 'Error saepe qui saepe est est maxime. Quas autem aspernatur esse sit qui aperiam corporis. Minima quam id commodi.', 378, 6, 18, '2020-02-21 06:05:23', '2020-02-21 06:05:23'),
(8, 'est', 'Corrupti dolor est consequatur maxime corporis ad. Consequuntur laboriosam minima magnam at cumque. Omnis in magni ex cumque et dolores.', 541, 4, 12, '2020-02-21 06:05:23', '2020-02-21 06:05:23'),
(9, 'sunt', 'Nihil dolor tenetur labore laboriosam qui. Autem aut enim doloribus cupiditate optio omnis veniam.', 763, 9, 6, '2020-02-21 06:05:23', '2020-02-21 06:05:23'),
(10, 'nihil', 'Corrupti hic est iste perferendis labore. Rerum repellat temporibus quidem dolores et voluptas recusandae. Rerum aut voluptas quasi unde porro consequatur.', 165, 1, 6, '2020-02-21 06:05:23', '2020-02-21 06:05:23'),
(11, 'ut', 'Sed exercitationem et velit praesentium quia omnis in. Facere et ut sed itaque quidem harum. Vel non molestiae sit debitis sequi laudantium.', 180, 5, 19, '2020-02-21 06:05:23', '2020-02-21 06:05:23'),
(12, 'dolor', 'Enim repellendus sunt enim aliquid minus delectus autem eos. Distinctio consequatur rem voluptatibus voluptas qui quia. Aut qui architecto perferendis. Beatae nesciunt suscipit est id maiores.', 723, 2, 19, '2020-02-21 06:05:23', '2020-02-21 06:05:23'),
(13, 'non', 'Voluptatum sed ad cupiditate assumenda animi. Et eos et sit at. Tempore voluptatem odio rerum repellat voluptatem. Et quidem explicabo quam veniam dolor quasi quam.', 712, 7, 23, '2020-02-21 06:05:23', '2020-02-21 06:05:23'),
(14, 'officia', 'Repudiandae eos perspiciatis dolore iure. Rerum voluptas deleniti qui iure omnis. Voluptatem minus ut laborum dolorem officiis est et. Consectetur aut perferendis dolores vitae. Dolorem adipisci laudantium fugit voluptates.', 678, 2, 29, '2020-02-21 06:05:23', '2020-02-21 06:05:23'),
(15, 'sint', 'Omnis in necessitatibus delectus omnis dolor dolorem aut. Magnam recusandae numquam ipsam dolor qui. Facilis debitis quaerat cumque. Non hic enim aut. Cumque enim odio numquam rerum nostrum.', 810, 2, 28, '2020-02-21 06:05:23', '2020-02-21 06:05:23'),
(16, 'facilis', 'Praesentium quod qui optio doloremque consequatur qui tenetur aliquid. Nihil est ullam accusamus adipisci molestias. Aperiam rerum quo et doloribus aliquam. Cum qui dolore expedita facere.', 217, 2, 30, '2020-02-21 06:05:23', '2020-02-21 06:05:23'),
(17, 'laboriosam', 'Optio sint minus doloremque voluptatem et nemo. Et repudiandae repellendus nemo unde. Quaerat et pariatur rerum laboriosam est sed fuga.', 883, 7, 14, '2020-02-21 06:05:23', '2020-02-21 06:05:23'),
(18, 'ut', 'Similique facilis quam unde quaerat. Qui esse facere reiciendis et in error. Consequatur quis in maxime officia unde quas autem at. Corporis adipisci esse rerum dolores occaecati.', 234, 2, 6, '2020-02-21 06:05:23', '2020-02-21 06:05:23'),
(19, 'et', 'In eius quia porro nihil illo ut. Eos ullam libero nulla atque. Dolor totam unde voluptas vero. Reiciendis inventore in sapiente architecto deleniti.', 882, 9, 19, '2020-02-21 06:05:23', '2020-02-21 06:05:23'),
(20, 'quasi', 'Ipsum eveniet officiis provident ut facilis. Dolorum mollitia sapiente fuga aut aperiam neque. Enim quos repudiandae impedit. Expedita ratione in quas esse impedit error.', 500, 5, 30, '2020-02-21 06:05:23', '2020-02-21 06:05:23'),
(21, 'quo', 'Illum error corrupti nam quis et suscipit accusantium. Quia illum ea autem officiis. Eius iste nam eligendi perspiciatis. Possimus nobis excepturi voluptatem optio nihil aut qui.', 700, 8, 19, '2020-02-21 06:05:23', '2020-02-21 06:05:23'),
(22, 'est', 'Molestiae nemo dolores dignissimos et ratione accusantium voluptatem. Officia omnis placeat nulla. Unde voluptas quos vero molestias neque commodi autem qui.', 609, 6, 29, '2020-02-21 06:05:23', '2020-02-21 06:05:23'),
(23, 'sint', 'Officiis voluptatem eius velit quo. Rerum aut veniam aut repellendus laborum commodi itaque atque. Praesentium nihil autem ipsa odio ab.', 905, 2, 28, '2020-02-21 06:05:23', '2020-02-21 06:05:23'),
(24, 'quia', 'Voluptas similique vel sit in quo a ab dolores. Dolore accusamus soluta sed ducimus. Eius pariatur consectetur rerum accusamus veritatis. Quibusdam commodi iusto necessitatibus. Quis saepe culpa doloribus dolorem voluptatem ab consequatur et.', 597, 0, 26, '2020-02-21 06:05:23', '2020-02-21 06:05:23'),
(25, 'sint', 'Nemo repellendus consequatur officiis aliquam. Rerum quasi blanditiis tempore cupiditate laboriosam veniam. Eum voluptate praesentium minima consequatur quo doloribus atque qui.', 578, 2, 18, '2020-02-21 06:05:23', '2020-02-21 06:05:23'),
(26, 'voluptatibus', 'Animi quis ut sapiente doloremque autem. Nemo est accusamus officiis non. Et dolorem totam impedit vel.', 274, 7, 19, '2020-02-21 06:05:23', '2020-02-21 06:05:23'),
(27, 'quo', 'Fugit sint ullam perspiciatis recusandae. Repellendus quod temporibus quod animi quia totam. Voluptatem quis consequatur sit dolores qui alias eveniet.', 233, 9, 5, '2020-02-21 06:05:23', '2020-02-21 06:05:23'),
(28, 'quos', 'Iste iusto maiores ipsum quas ex temporibus. Eum voluptas et corporis ratione quia voluptatibus. Ut sit rerum neque consequatur. Porro vel pariatur iste et ex eligendi minus.', 635, 2, 5, '2020-02-21 06:05:23', '2020-02-21 06:05:23'),
(29, 'dolore', 'Sit dolores voluptas excepturi dolor sed earum laboriosam. Aut suscipit esse sunt. Eum enim ut quod et optio eius. Quas suscipit minus sit vero.', 573, 2, 9, '2020-02-21 06:05:23', '2020-02-21 06:05:23'),
(30, 'distinctio', 'Est voluptates non perspiciatis. Corporis tempore quo et et mollitia adipisci eveniet. Et aliquam rem error doloribus. Similique occaecati sed tempora sint quia minima mollitia nihil. Deleniti reprehenderit omnis facere.', 646, 7, 18, '2020-02-21 06:05:24', '2020-02-21 06:05:24'),
(31, 'expedita', 'Non reprehenderit delectus ut repellat sit. Quia quo consectetur assumenda non omnis ipsam. Eum consequatur ratione et eum. Et aperiam dolores et.', 530, 2, 20, '2020-02-21 06:05:24', '2020-02-21 06:05:24'),
(32, 'doloribus', 'Sed doloremque id ducimus. Voluptatem et corrupti placeat ipsum. Dolorem omnis temporibus esse culpa ad.', 986, 7, 24, '2020-02-21 06:05:24', '2020-02-21 06:05:24'),
(33, 'nihil', 'Qui animi omnis quibusdam nam ut eum sequi. Deleniti alias esse vel. Aspernatur doloremque enim natus facere perferendis. Maxime qui sit fuga molestias debitis neque. Tenetur temporibus et sit enim et illum.', 547, 9, 17, '2020-02-21 06:05:24', '2020-02-21 06:05:24'),
(34, 'delectus', 'Et molestiae quasi assumenda. Quisquam autem rerum tempore aliquam. Tempore necessitatibus expedita sit aut adipisci sint explicabo.', 878, 1, 28, '2020-02-21 06:05:24', '2020-02-21 06:05:24'),
(35, 'harum', 'Est dicta rerum enim porro. Rerum praesentium eveniet quae ut voluptatum molestiae. Ut id non aperiam ut minus sint.', 187, 9, 20, '2020-02-21 06:05:24', '2020-02-21 06:05:24'),
(36, 'maxime', 'Reprehenderit aspernatur perferendis quisquam cupiditate sit itaque eos. Sed alias provident quia nesciunt. Est quia aut et cumque cum cum et quam. Libero quaerat autem qui earum laboriosam.', 180, 2, 12, '2020-02-21 06:05:24', '2020-02-21 06:05:24'),
(37, 'et', 'Consectetur qui quia eius aliquid in earum. Et laborum voluptatem ipsum alias quam. Rerum debitis nihil illum qui quas et voluptate ipsam.', 760, 8, 6, '2020-02-21 06:05:24', '2020-02-21 06:05:24'),
(38, 'id', 'Aut eos mollitia nulla nisi alias. Eveniet totam earum aut qui eveniet. Et placeat nobis est dolorum amet corporis hic et. Et dolores voluptatem nihil veritatis aperiam cumque. Suscipit illo nihil iusto quos quo voluptatem sunt.', 454, 5, 5, '2020-02-21 06:05:24', '2020-02-21 06:05:24'),
(39, 'quod', 'Voluptatem iure labore officiis. Nostrum esse ea tempore repellendus nihil reprehenderit. Ratione rerum inventore dolor quos quisquam inventore animi.', 941, 4, 9, '2020-02-21 06:05:24', '2020-02-21 06:05:24'),
(40, 'consectetur', 'Ad odit eos non. Sapiente error voluptas neque itaque ut.', 362, 8, 16, '2020-02-21 06:05:24', '2020-02-21 06:05:24'),
(41, 'dolor', 'Dolore omnis enim fugit possimus quibusdam ratione. Animi nam omnis ut iure. Ut ut minima deleniti suscipit dolores repudiandae.', 478, 2, 23, '2020-02-21 06:05:24', '2020-02-21 06:05:24'),
(42, 'dolor', 'Eum omnis aut similique mollitia. Et debitis alias voluptas cum iure. Earum est similique ratione qui necessitatibus. Dolorem rerum ut rem sit delectus nihil deleniti.', 627, 0, 6, '2020-02-21 06:05:24', '2020-02-21 06:05:24'),
(43, 'soluta', 'Molestiae ut voluptatibus voluptatem maiores. Esse omnis voluptas voluptas consequatur odit blanditiis. Aut odit molestiae dolorem quam.', 872, 7, 26, '2020-02-21 06:05:24', '2020-02-21 06:05:24'),
(44, 'iste', 'Necessitatibus voluptatem placeat rem eos et hic dolores est. Eos delectus sint aut quia distinctio velit saepe. Et odio consequatur voluptatem et dolorum quis.', 927, 7, 10, '2020-02-21 06:05:24', '2020-02-21 06:05:24'),
(45, 'itaque', 'Iste sequi voluptates at ut consectetur explicabo dolores. Est iusto quia laboriosam corporis qui. Molestias enim cum id. Ratione modi natus ipsam est et eum.', 905, 8, 6, '2020-02-21 06:05:24', '2020-02-21 06:05:24'),
(46, 'sequi', 'Veniam accusantium saepe aut natus. Tenetur assumenda voluptas consectetur at. Error quasi est quisquam nemo numquam repellat.', 723, 1, 24, '2020-02-21 06:05:24', '2020-02-21 06:05:24'),
(47, 'accusantium', 'Voluptatibus maxime rem quasi. Consequatur facilis maiores totam rerum quod accusamus. Reprehenderit facere tenetur officiis hic ut similique.', 971, 7, 4, '2020-02-21 06:05:24', '2020-02-21 06:05:24'),
(48, 'adipisci', 'Distinctio repudiandae qui corrupti neque. Eveniet rerum facilis et sunt et. Officiis aspernatur perspiciatis esse nostrum accusantium rem. Fugiat quis ab aut eos rem.', 546, 8, 16, '2020-02-21 06:05:24', '2020-02-21 06:05:24'),
(49, 'aut', 'Fugiat ipsam fugiat nihil dolor soluta nulla. Ipsa unde enim autem sapiente aliquam harum. Molestiae culpa in est qui itaque repellat. At consequatur fugit quam natus sit cumque numquam.', 117, 3, 10, '2020-02-21 06:05:24', '2020-02-21 06:05:24'),
(50, 'delectus', 'Architecto earum aut quas quis aperiam. Aut nulla nisi corrupti cupiditate. Eius voluptate nulla et ipsum dolorem et eos.', 368, 7, 4, '2020-02-21 06:05:24', '2020-02-21 06:05:24'),
(51, 'consectetur', 'Sunt similique fugit libero doloribus deleniti nam rem. Doloremque aliquid porro omnis eos. Minima id autem voluptatem porro. Voluptatem quia odit aut quo.', 935, 5, 22, '2020-02-21 06:05:49', '2020-02-21 06:05:49'),
(52, 'illo', 'Quam illum rem quam sunt eveniet magni. Provident nemo rerum nulla nostrum accusantium. Sunt totam repellendus voluptas cupiditate.', 406, 2, 6, '2020-02-21 06:05:49', '2020-02-21 06:05:49'),
(53, 'repellat', 'Fuga consequatur corporis aut assumenda et. Aut id at aperiam aut dolorem. Qui ipsum provident voluptates veritatis est sint. Rerum quis assumenda aut enim.', 961, 5, 29, '2020-02-21 06:05:49', '2020-02-21 06:05:49'),
(54, 'laudantium', 'At temporibus vel beatae rerum aut numquam consequatur. Aliquam qui voluptatem id illum.', 177, 4, 16, '2020-02-21 06:05:49', '2020-02-21 06:05:49'),
(55, 'voluptatem', 'Dignissimos voluptatem amet tempore sed sit alias ipsum. Consequatur voluptates in deserunt nemo.', 951, 3, 6, '2020-02-21 06:05:49', '2020-02-21 06:05:49'),
(56, 'itaque', 'Quis qui id officiis neque laudantium est. Quia commodi ducimus commodi impedit. Voluptatem quaerat quo et. Voluptate enim quae voluptatibus laboriosam id.', 309, 7, 9, '2020-02-21 06:05:49', '2020-02-21 06:05:49'),
(57, 'id', 'Officiis in laboriosam beatae ea. Voluptatibus sed nemo rerum molestias odio. Eos suscipit cupiditate eveniet unde molestias maxime qui qui.', 829, 6, 30, '2020-02-21 06:05:49', '2020-02-21 06:05:49'),
(58, 'eaque', 'Dolores quo iure ab saepe ut ex. Deserunt nobis quaerat perspiciatis. Ducimus sint ut tempore dolores quas impedit.', 742, 9, 18, '2020-02-21 06:05:49', '2020-02-21 06:05:49'),
(59, 'ab', 'Ut sint aut voluptatibus laudantium neque nemo dolore iste. Doloremque suscipit nihil fugiat cupiditate nobis et voluptatem. Tenetur quisquam nulla iure dolores impedit corrupti. Quod a tenetur consequatur delectus facilis.', 743, 9, 2, '2020-02-21 06:05:49', '2020-02-21 06:05:49'),
(60, 'similique', 'Voluptatem quia est quaerat qui. Saepe mollitia accusamus dolores labore consequuntur consequatur et. Sed expedita nulla velit nobis blanditiis quibusdam.', 183, 2, 16, '2020-02-21 06:05:49', '2020-02-21 06:05:49'),
(61, 'delectus', 'Hic sed incidunt aut et laboriosam veniam a. Quia illum omnis quia omnis eveniet et. Aperiam in facilis eos ab et quia consectetur.', 139, 7, 20, '2020-02-21 06:05:49', '2020-02-21 06:05:49'),
(62, 'dolor', 'Minus aut corrupti sed. Voluptatem laborum ut et quaerat a delectus ea vel. Velit occaecati eum atque officiis enim id.', 656, 8, 3, '2020-02-21 06:05:49', '2020-02-21 06:05:49'),
(63, 'molestiae', 'Consequuntur in consequatur nisi et voluptatibus ut. Maxime et incidunt debitis. Quis atque qui illo esse qui sunt perferendis dignissimos.', 575, 3, 17, '2020-02-21 06:05:50', '2020-02-21 06:05:50'),
(64, 'laboriosam', 'Ut rerum maxime magni nostrum quibusdam quis. Ab reiciendis architecto cupiditate et libero sit doloribus deserunt. Et nostrum sed cupiditate autem.', 175, 6, 3, '2020-02-21 06:05:50', '2020-02-21 06:05:50'),
(65, 'nihil', 'Nostrum odit aliquid laborum perferendis accusamus iure architecto est. Debitis qui aut laudantium minima. Expedita atque cum vitae veritatis voluptatibus error. Animi tempora ut hic velit eum sunt aspernatur.', 189, 5, 20, '2020-02-21 06:05:50', '2020-02-21 06:05:50'),
(66, 'aspernatur', 'Omnis aut libero omnis. Voluptates blanditiis non odio excepturi impedit sunt.', 619, 2, 8, '2020-02-21 06:05:50', '2020-02-21 06:05:50'),
(67, 'non', 'Ea perspiciatis ullam nulla non vero commodi. Ratione impedit tenetur perspiciatis pariatur beatae totam. Sed quisquam possimus quam molestiae explicabo repellat. Nisi a praesentium error aliquam nostrum sed inventore. Sunt placeat aut ea error quibusdam.', 127, 3, 7, '2020-02-21 06:05:50', '2020-02-21 06:05:50'),
(68, 'neque', 'Doloribus possimus et aut ut minima eum. Laudantium soluta repudiandae ducimus consequatur facilis. Minus tenetur voluptas aut aut fuga temporibus. Eos occaecati quasi tenetur pariatur.', 658, 1, 2, '2020-02-21 06:05:50', '2020-02-21 06:05:50'),
(69, 'et', 'Qui commodi doloremque nihil nisi voluptatem ipsam quas. Atque nulla necessitatibus molestiae nostrum. Ex porro ipsa ratione omnis quia iure.', 969, 2, 24, '2020-02-21 06:05:50', '2020-02-21 06:05:50'),
(70, 'dolore', 'Nulla eaque dolor adipisci in. Cupiditate voluptas aliquid esse qui aspernatur modi. Aut provident quo eaque ut deleniti. Sit et et voluptates eos nobis consectetur reiciendis.', 940, 5, 11, '2020-02-21 06:05:50', '2020-02-21 06:05:50'),
(71, 'est', 'Velit maxime omnis dicta tempora consequatur. Nobis voluptas aut ut. Placeat et aut iure sit voluptatum. Eaque recusandae et error dolor.', 725, 5, 6, '2020-02-21 06:05:50', '2020-02-21 06:05:50'),
(72, 'doloribus', 'Nisi aut laudantium facere fuga nemo. Voluptatem nemo maxime enim nobis voluptates minus libero. Aut quam nisi omnis porro. Perferendis quis omnis dolorem est ipsum.', 405, 3, 17, '2020-02-21 06:05:50', '2020-02-21 06:05:50'),
(73, 'ea', 'Sed est quisquam optio et a. Est numquam dolorum libero aut veritatis commodi debitis. Quod qui modi aut id est minima. Vel aut maiores libero id.', 282, 4, 24, '2020-02-21 06:05:50', '2020-02-21 06:05:50'),
(74, 'iste', 'Nemo facere omnis aliquam reprehenderit. Ex odio quis et laudantium voluptatibus magnam aut. In suscipit labore assumenda inventore quis voluptate voluptatum et. Consectetur facere ut similique libero recusandae.', 920, 2, 18, '2020-02-21 06:05:50', '2020-02-21 06:05:50'),
(75, 'dicta', 'Quia ipsum consequuntur laudantium quasi provident. Temporibus aliquid corrupti cupiditate illo veniam ut quibusdam. Veritatis delectus est quas aut culpa.', 434, 2, 8, '2020-02-21 06:05:50', '2020-02-21 06:05:50'),
(76, 'sint', 'Consequuntur blanditiis dignissimos maiores illo saepe nisi. Quos unde quia sequi eum iste tenetur accusantium. Ut consequatur eos et doloribus expedita dolores.', 729, 6, 4, '2020-02-21 06:05:50', '2020-02-21 06:05:50'),
(77, 'at', 'Et quisquam et rem error. Et omnis vel minima odit. Excepturi cumque voluptates commodi repudiandae minus harum et. Et veniam est dicta.', 783, 3, 7, '2020-02-21 06:05:50', '2020-02-21 06:05:50'),
(78, 'aut', 'Cupiditate excepturi vero impedit vero sint quas. Laborum dolores illum aut et ex enim perspiciatis ut. Totam sequi magni eligendi ipsa.', 397, 1, 24, '2020-02-21 06:05:50', '2020-02-21 06:05:50'),
(79, 'animi', 'Unde velit praesentium molestiae earum reiciendis. Officia ipsum quia eius ea labore. Tenetur deleniti placeat voluptate inventore.', 573, 1, 15, '2020-02-21 06:05:50', '2020-02-21 06:05:50'),
(80, 'quibusdam', 'In qui harum iste quam beatae. Consectetur accusantium aliquam ducimus similique. Veniam repudiandae eum ullam. Incidunt et vitae ut molestiae. Rem occaecati unde dicta quasi optio aut.', 135, 3, 25, '2020-02-21 06:05:50', '2020-02-21 06:05:50'),
(81, 'delectus', 'Expedita rerum qui dolorem expedita cum asperiores. Libero officiis sed autem quia dolores quo animi. Aut hic ex ab ut voluptatem eos sed. Optio sint cupiditate at iure qui sit aut.', 565, 8, 22, '2020-02-21 06:05:50', '2020-02-21 06:05:50'),
(82, 'voluptate', 'Possimus sit non est rem velit expedita. Numquam sint reiciendis ex et tempora blanditiis.', 746, 1, 3, '2020-02-21 06:05:50', '2020-02-21 06:05:50'),
(83, 'ducimus', 'Autem qui aliquid ullam. Et vel aut nihil doloremque. Excepturi quaerat tempora incidunt voluptas. Autem atque qui esse aut.', 107, 1, 2, '2020-02-21 06:05:50', '2020-02-21 06:05:50'),
(84, 'omnis', 'Natus beatae accusamus fugiat ea sint ratione autem. Et et explicabo et consectetur aspernatur veritatis laboriosam excepturi. Reiciendis temporibus quam officia cupiditate maiores exercitationem.', 182, 0, 5, '2020-02-21 06:05:50', '2020-02-21 06:05:50'),
(85, 'in', 'Laboriosam voluptatem accusantium expedita possimus blanditiis. Exercitationem consequatur ut omnis eveniet aut eius rerum corporis. Aut qui qui hic voluptas ab ab ut.', 620, 7, 29, '2020-02-21 06:05:50', '2020-02-21 06:05:50'),
(86, 'temporibus', 'Possimus placeat aut ea consequatur. Non maiores pariatur dolores officiis voluptatem qui. Officiis qui modi perferendis et veniam unde doloribus. Molestias id deserunt tempore maxime consectetur porro.', 447, 1, 20, '2020-02-21 06:05:50', '2020-02-21 06:05:50'),
(87, 'iusto', 'Neque nisi sint error velit autem. Dolore perferendis excepturi dignissimos ipsum ut. Sapiente quisquam iure dolores dolorem. Dolorum provident facilis iusto eius alias consequuntur.', 321, 8, 10, '2020-02-21 06:05:50', '2020-02-21 06:05:50'),
(88, 'aut', 'Eaque praesentium et libero et veniam aut enim numquam. Rerum harum dolorum rerum et officiis qui placeat. Fugit pariatur modi fuga quasi eaque. Ea qui possimus vel doloribus quasi.', 176, 2, 12, '2020-02-21 06:05:50', '2020-02-21 06:05:50'),
(89, 'nesciunt', 'Et sunt voluptatem repellendus eveniet est reprehenderit. Accusantium nostrum eveniet aperiam voluptatem facilis harum. Et nisi officiis ipsam natus officia atque itaque. Ut temporibus rerum quae voluptatem.', 579, 2, 15, '2020-02-21 06:05:50', '2020-02-21 06:05:50'),
(90, 'officiis', 'Quia consequatur est odit hic impedit cum ullam. Totam rerum nulla et.', 900, 5, 14, '2020-02-21 06:05:51', '2020-02-21 06:05:51'),
(91, 'et', 'Alias dicta corporis quae voluptates labore ut in occaecati. Nulla in ab temporibus facere omnis quibusdam. Deleniti necessitatibus et nobis quas quis repudiandae. Minus sit nostrum error eligendi adipisci officiis.', 596, 1, 28, '2020-02-21 06:05:51', '2020-02-21 06:05:51'),
(92, 'eos', 'Laudantium vero natus accusantium expedita fuga sint. Velit ab dolores odio vitae repellendus et aliquam. Rerum dignissimos nostrum illum quia. Ullam praesentium ipsum earum sint maiores.', 589, 4, 17, '2020-02-21 06:05:51', '2020-02-21 06:05:51'),
(93, 'quia', 'Non vero quae ducimus aut fugiat quo. Laudantium et a voluptas. Nisi magnam voluptatum debitis incidunt recusandae saepe ex voluptates. Occaecati eligendi voluptates et eum maiores ut dolorem.', 337, 2, 14, '2020-02-21 06:05:51', '2020-02-21 06:05:51'),
(94, 'in', 'Possimus blanditiis eveniet rerum qui eaque amet. Quia qui in provident optio omnis.', 786, 2, 29, '2020-02-21 06:05:51', '2020-02-21 06:05:51'),
(95, 'eius', 'Et modi quasi quam omnis. Repellendus quod optio id. Sed consequatur animi incidunt accusantium molestiae dolor.', 1000, 5, 20, '2020-02-21 06:05:51', '2020-02-21 06:05:51'),
(96, 'quia', 'Quibusdam velit praesentium cumque tempore possimus aspernatur. Placeat voluptatem sint est ut cum molestiae. Dolore enim alias et qui. Mollitia ut animi hic molestiae. Eum delectus id voluptatum ut nesciunt sed saepe.', 479, 4, 28, '2020-02-21 06:05:51', '2020-02-21 06:05:51'),
(97, 'est', 'Autem illo fugit quo debitis voluptas porro voluptates. Rerum nam mollitia quia dolore enim mollitia est. Qui sit non qui ipsum laudantium.', 917, 8, 11, '2020-02-21 06:05:51', '2020-02-21 06:05:51'),
(98, 'vitae', 'Fugiat maxime tempora velit repudiandae. Ipsa voluptas eos voluptates ut reiciendis voluptatem sint autem.', 279, 9, 13, '2020-02-21 06:05:51', '2020-02-21 06:05:51'),
(99, 'ullam', 'Eos ipsa dolor ut maxime. Impedit suscipit fuga qui quisquam voluptatem sit animi. Molestiae adipisci architecto cupiditate nam nulla quia dolores non. Ex eligendi rerum nostrum inventore cum eius quam.', 408, 8, 19, '2020-02-21 06:05:51', '2020-02-21 06:05:51'),
(100, 'voluptates', 'Officiis pariatur a et sed fugiat quaerat qui. Accusantium ipsam dignissimos reprehenderit aut recusandae voluptatem rerum. Corrupti impedit tempore quam non voluptatem.', 687, 9, 26, '2020-02-21 06:05:51', '2020-02-21 06:05:51'),
(101, 'laudantium', 'Autem quia cumque laboriosam hic sit. Ea id eum voluptatibus fuga. Quia aut ea natus voluptas non culpa excepturi. Fugit blanditiis mollitia molestias unde et et eaque.', 507, 3, 23, '2020-02-21 06:05:59', '2020-02-21 06:05:59'),
(102, 'aut', 'Et ut suscipit id dolorum doloribus maiores consequuntur nihil. Alias ut et asperiores aliquam itaque voluptatibus id. Aut molestiae unde earum non.', 835, 8, 14, '2020-02-21 06:05:59', '2020-02-21 06:05:59'),
(103, 'temporibus', 'Laboriosam nisi a corporis accusantium perferendis. Voluptas perferendis ipsam repellendus incidunt sapiente nobis ratione. Quis aut omnis id sunt.', 946, 6, 19, '2020-02-21 06:05:59', '2020-02-21 06:05:59'),
(104, 'autem', 'Enim qui illo similique. Quasi occaecati ut perferendis aut voluptatem laudantium sit ipsa. Modi consequatur laudantium at voluptatem qui eveniet occaecati.', 281, 9, 21, '2020-02-21 06:05:59', '2020-02-21 06:05:59'),
(105, 'aut', 'Ad perspiciatis ut dolores quo dolores. Sed quia rem odio facere voluptatem eum velit. Voluptatum qui dolorum magni culpa quidem ex voluptatem.', 956, 3, 28, '2020-02-21 06:05:59', '2020-02-21 06:05:59'),
(106, 'quasi', 'Rerum asperiores ipsa qui labore inventore molestiae veniam. Dolores voluptatem occaecati quasi qui dolor molestiae rerum. Provident rerum ea placeat et dicta aut deleniti deserunt. Quibusdam qui expedita ab ea odio voluptas modi. Delectus sapiente ut pariatur recusandae non.', 999, 8, 4, '2020-02-21 06:05:59', '2020-02-21 06:05:59'),
(107, 'sit', 'Earum aut consequatur perspiciatis qui. Qui aliquid ea quas libero sequi rerum asperiores. Debitis et libero praesentium at.', 895, 7, 6, '2020-02-21 06:05:59', '2020-02-21 06:05:59'),
(108, 'beatae', 'Aut ea natus totam ipsam sed. Qui quia ad nulla. Maiores sint rerum omnis voluptatem sit reiciendis error.', 505, 1, 13, '2020-02-21 06:05:59', '2020-02-21 06:05:59'),
(109, 'error', 'Sit voluptates voluptate eum nobis iure blanditiis. Magni velit adipisci dolores deleniti assumenda omnis voluptas.', 646, 2, 5, '2020-02-21 06:05:59', '2020-02-21 06:05:59'),
(110, 'deleniti', 'Soluta et sit qui dolor sunt aperiam. Nisi nisi consequatur animi. Pariatur sequi vel odio eius nihil omnis. Quo dignissimos nesciunt animi rerum corrupti magni.', 185, 3, 23, '2020-02-21 06:05:59', '2020-02-21 06:05:59'),
(111, 'minus', 'Magnam nisi natus sed est nihil soluta. Optio et rerum sed. Reprehenderit cupiditate in non aut atque voluptas.', 704, 5, 7, '2020-02-21 06:05:59', '2020-02-21 06:05:59'),
(112, 'dolorem', 'Autem ullam repudiandae quia. Dolorem labore nihil voluptatem et rerum.', 537, 2, 21, '2020-02-21 06:05:59', '2020-02-21 06:05:59'),
(113, 'sed', 'Necessitatibus et vitae rem numquam quia. Praesentium harum et voluptate in voluptatem eos. Esse ratione dolorem expedita autem sed. Reprehenderit illo natus sit at.', 223, 4, 16, '2020-02-21 06:05:59', '2020-02-21 06:05:59'),
(114, 'odit', 'Et praesentium qui aut quae. Aut minima quibusdam consectetur. Asperiores neque eum sit qui officia facere quo. Omnis consequatur id repellat deserunt repellat hic.', 198, 0, 28, '2020-02-21 06:05:59', '2020-02-21 06:05:59'),
(115, 'cum', 'Voluptas sapiente vel repellat dolores tenetur optio. Delectus eius corporis fuga. Dolores quaerat est odio eligendi voluptas ab consequatur ipsum. In eius voluptatem quo optio similique illum qui. Unde molestiae reprehenderit fuga consequuntur doloribus saepe quod ut.', 153, 8, 17, '2020-02-21 06:05:59', '2020-02-21 06:05:59'),
(116, 'distinctio', 'Dolorem maiores mollitia voluptates delectus natus minima. Voluptatem illo aliquid ullam accusamus. Molestiae dolorem velit porro cumque nihil. Nemo a porro reiciendis ea non. Dolor sint aut autem pariatur omnis.', 780, 6, 30, '2020-02-21 06:05:59', '2020-02-21 06:05:59'),
(117, 'et', 'In eos possimus fugiat accusantium architecto sit. Facere libero explicabo qui. Architecto nobis cumque deserunt et optio. Neque ipsam neque sint accusantium est.', 154, 6, 3, '2020-02-21 06:05:59', '2020-02-21 06:05:59'),
(118, 'voluptatem', 'Ullam adipisci sit porro qui fugit ullam quas. Tempore et neque iste. Facilis et qui corrupti consequatur ut sed sit. Corrupti quaerat voluptas cupiditate mollitia culpa.', 562, 1, 18, '2020-02-21 06:06:00', '2020-02-21 06:06:00'),
(119, 'recusandae', 'Quo eum repellat dolorum ex odit. Ea eveniet voluptatum recusandae. Nam inventore dolores est qui eius et debitis repudiandae.', 837, 3, 11, '2020-02-21 06:06:00', '2020-02-21 06:06:00'),
(120, 'distinctio', 'Et consequuntur repellendus sint harum ratione sint. Dolorum similique dolor veritatis mollitia maiores officiis sapiente. In odio deserunt et debitis.', 257, 5, 27, '2020-02-21 06:06:00', '2020-02-21 06:06:00'),
(121, 'et', 'Rerum facilis non tempora expedita est in. Quidem non voluptates id optio.', 325, 8, 18, '2020-02-21 06:06:00', '2020-02-21 06:06:00'),
(122, 'ea', 'Totam cumque possimus quis qui et. Atque soluta nihil id reprehenderit natus. Non qui adipisci officiis ut qui.', 975, 5, 5, '2020-02-21 06:06:00', '2020-02-21 06:06:00'),
(123, 'aut', 'Est aut sunt illo officia. Magnam fuga et est quo similique vel reprehenderit. Eligendi est consequatur dicta. Officia enim earum cupiditate sed.', 111, 3, 18, '2020-02-21 06:06:00', '2020-02-21 06:06:00'),
(124, 'dolorem', 'Et quia repellat accusantium error animi exercitationem. Nihil cupiditate nemo nemo officiis ut placeat. Beatae dolorum ut asperiores ipsam omnis.', 729, 2, 25, '2020-02-21 06:06:00', '2020-02-21 06:06:00'),
(125, 'dolore', 'Exercitationem accusamus atque pariatur numquam aperiam pariatur quod. Rerum mollitia rerum commodi.', 804, 4, 23, '2020-02-21 06:06:00', '2020-02-21 06:06:00'),
(126, 'cum', 'Voluptas fugiat est explicabo eos. Quo dolorem ad et repudiandae ut molestiae. Quae ab odit repudiandae laboriosam soluta ut. Et voluptatibus blanditiis et dignissimos est et aut tempora.', 724, 1, 4, '2020-02-21 06:06:00', '2020-02-21 06:06:00'),
(127, 'tempora', 'Maiores et doloremque nisi. Temporibus aut aut et earum quia est. Animi quod velit sit iste. Porro qui accusantium ut adipisci dolorem nostrum hic.', 827, 5, 9, '2020-02-21 06:06:00', '2020-02-21 06:06:00'),
(128, 'aut', 'Enim consequatur voluptatibus sit rerum dolores aut ducimus. Ut explicabo adipisci ad suscipit voluptatem voluptas nemo. Velit soluta ut voluptas est quos. Quaerat est quasi id mollitia qui.', 664, 2, 11, '2020-02-21 06:06:00', '2020-02-21 06:06:00'),
(129, 'expedita', 'Impedit ea dignissimos et qui non similique. Ut sed et tempore nisi. Aut similique odit fugiat voluptatibus corrupti. Aliquam tenetur mollitia id quaerat eos. Soluta consequatur veritatis reiciendis cupiditate voluptatem ut doloremque.', 657, 6, 20, '2020-02-21 06:06:00', '2020-02-21 06:06:00'),
(130, 'voluptas', 'Et aliquid illum ex exercitationem non consequatur molestias architecto. Consequuntur alias omnis aspernatur eos rerum.', 345, 0, 27, '2020-02-21 06:06:00', '2020-02-21 06:06:00'),
(131, 'porro', 'Autem omnis corrupti dolorem aut tempore et eveniet. Numquam fuga ea ut quod. Porro minima consequuntur et optio in.', 541, 1, 7, '2020-02-21 06:06:00', '2020-02-21 06:06:00'),
(132, 'ut', 'Earum quasi sit et. Voluptatem sunt alias consequatur iure nihil rerum perspiciatis.', 727, 4, 17, '2020-02-21 06:06:00', '2020-02-21 06:06:00'),
(133, 'quibusdam', 'Cupiditate debitis quisquam quas magnam vitae. Deserunt deleniti dignissimos et incidunt necessitatibus ab eum. Repudiandae quod et impedit rem odio qui. Sint molestias error est sequi.', 208, 6, 2, '2020-02-21 06:06:00', '2020-02-21 06:06:00'),
(134, 'nostrum', 'Odio possimus in sit quod. Voluptatem et est voluptatem velit magnam. Dicta labore ut ut quia natus. Et molestiae nihil in provident quisquam.', 295, 4, 13, '2020-02-21 06:06:00', '2020-02-21 06:06:00'),
(135, 'maxime', 'Illum voluptate nihil magnam qui maxime et amet. Commodi iure culpa ut aliquam et aut. Et magnam eum et quia sequi.', 183, 3, 3, '2020-02-21 06:06:00', '2020-02-21 06:06:00'),
(136, 'earum', 'Maxime qui omnis aut commodi ad. Blanditiis perferendis perferendis expedita quisquam pariatur neque libero. Voluptas explicabo reprehenderit recusandae.', 601, 0, 20, '2020-02-21 06:06:00', '2020-02-21 06:06:00'),
(137, 'incidunt', 'Dolor temporibus maiores commodi pariatur. Quidem veniam ut vel. Occaecati provident earum vel facilis.', 779, 8, 25, '2020-02-21 06:06:00', '2020-02-21 06:06:00'),
(138, 'commodi', 'Iste libero delectus ullam dolorum cumque dicta. Quia vero est dolorum temporibus. Quia optio id commodi hic eligendi aut ducimus aliquam.', 372, 7, 19, '2020-02-21 06:06:00', '2020-02-21 06:06:00'),
(139, 'fugiat', 'Impedit libero laboriosam sint provident a. Quo fugit facere porro sit et voluptas. Qui quae ea hic vel. Dolor ipsa ut dolorem expedita neque omnis.', 509, 4, 19, '2020-02-21 06:06:00', '2020-02-21 06:06:00'),
(140, 'eaque', 'Nam laudantium molestiae eos. Earum laborum veritatis quod quae nihil. Reiciendis autem praesentium commodi velit error qui delectus. Sapiente voluptate rerum laudantium non velit dicta quos.', 969, 8, 26, '2020-02-21 06:06:01', '2020-02-21 06:06:01'),
(141, 'consequatur', 'Rerum debitis nulla porro. Rerum ut qui iusto voluptatem architecto. Rerum voluptatum dolores corrupti laborum voluptatem aut. Sint quis nisi et labore voluptatibus ea.', 416, 7, 14, '2020-02-21 06:06:01', '2020-02-21 06:06:01'),
(142, 'autem', 'Quo illum sit recusandae sit. Est qui sed illum est voluptatem.', 762, 6, 27, '2020-02-21 06:06:01', '2020-02-21 06:06:01'),
(143, 'voluptatibus', 'Dignissimos quod explicabo distinctio vel voluptate qui. Quia praesentium voluptatem modi impedit velit et et enim. Facere eum velit voluptatibus magnam aut consectetur consequuntur amet. A sit et error laboriosam et debitis ab.', 349, 1, 29, '2020-02-21 06:06:01', '2020-02-21 06:06:01'),
(144, 'a', 'Ducimus sint voluptatem tempora aliquid. Molestias ab eum cum et. Nihil iusto et rem molestiae.', 487, 9, 21, '2020-02-21 06:06:01', '2020-02-21 06:06:01'),
(145, 'porro', 'Deleniti dolorum et sit quidem. Quia quia reiciendis nesciunt unde cupiditate commodi. Ut qui dolore porro asperiores laudantium.', 519, 3, 9, '2020-02-21 06:06:01', '2020-02-21 06:06:01'),
(146, 'placeat', 'Perspiciatis nam repudiandae rerum provident. Non eaque suscipit unde consectetur sunt molestias eveniet. Dignissimos repellendus quia iusto non incidunt quam autem.', 873, 0, 15, '2020-02-21 06:06:01', '2020-02-21 06:06:01'),
(147, 'cum', 'Nemo voluptas eum consequatur rerum. Eligendi porro neque sapiente quae aliquid omnis.', 213, 5, 28, '2020-02-21 06:06:01', '2020-02-21 06:06:01'),
(148, 'ut', 'Commodi reiciendis ut ea asperiores facilis voluptatem. Reiciendis eum ut sint. Minima odit et qui molestias aut.', 727, 0, 9, '2020-02-21 06:06:02', '2020-02-21 06:06:02'),
(149, 'architecto', 'Beatae voluptatem id possimus laborum dolor iure. Ipsa nam molestiae dicta corrupti magni. Voluptatem error impedit asperiores quis sit nesciunt.', 405, 9, 27, '2020-02-21 06:06:02', '2020-02-21 06:06:02'),
(150, 'modi', 'Debitis qui tenetur voluptatem veritatis repellat vitae quia iste. Non in impedit voluptatem id excepturi. Aut quia molestiae eius eum officia cupiditate sint. Quos corporis a nulla quia quos quae.', 815, 7, 14, '2020-02-21 06:06:02', '2020-02-21 06:06:02'),
(151, 'qui', 'Ex aut voluptates qui quam atque nisi. Quo architecto voluptas et atque inventore non. Distinctio et laboriosam expedita. Quia maxime suscipit mollitia.', 447, 6, 21, '2020-02-21 06:06:18', '2020-02-21 06:06:18'),
(152, 'sed', 'Alias corporis nisi dignissimos harum perspiciatis vitae quaerat. Nostrum quo ut deserunt non hic sequi. Eos eum cumque itaque quos omnis. Eligendi sit et et suscipit.', 836, 8, 27, '2020-02-21 06:06:18', '2020-02-21 06:06:18'),
(153, 'consectetur', 'Soluta quo quisquam culpa voluptas suscipit aspernatur facere provident. Ut pariatur ex ratione similique temporibus est. Aspernatur nulla voluptatem eum ut labore ipsa cupiditate. Occaecati tempora qui et eligendi quia et ducimus.', 382, 8, 19, '2020-02-21 06:06:18', '2020-02-21 06:06:18'),
(154, 'voluptatem', 'Odit dolores iste eos veniam at officiis aut autem. Rerum tenetur dolor error pariatur commodi perferendis velit. Quasi ad dicta sunt veritatis.', 795, 2, 24, '2020-02-21 06:06:18', '2020-02-21 06:06:18'),
(155, 'cum', 'Itaque vitae suscipit nisi asperiores in ea fugiat deleniti. Illum quidem repudiandae error quo. Exercitationem vero aut distinctio magni consequatur iste tempora. Aperiam architecto et exercitationem recusandae.', 354, 4, 30, '2020-02-21 06:06:18', '2020-02-21 06:06:18'),
(156, 'autem', 'Omnis ullam porro ab veritatis a autem. Officia ut excepturi omnis adipisci et. Facilis harum perspiciatis sint deleniti et animi. Autem adipisci quae aut necessitatibus commodi. Autem totam eum eius eligendi delectus deserunt dolorum.', 708, 2, 7, '2020-02-21 06:06:18', '2020-02-21 06:06:18'),
(157, 'est', 'Et velit ut veritatis ex atque. Dolores natus nemo rerum est. Pariatur aliquid ipsa porro voluptas dignissimos tempore distinctio. Perspiciatis eum maiores neque autem a.', 694, 1, 16, '2020-02-21 06:06:18', '2020-02-21 06:06:18'),
(158, 'quos', 'Nostrum eos quis tenetur. Tempore eum in ullam.', 808, 8, 15, '2020-02-21 06:06:19', '2020-02-21 06:06:19'),
(159, 'quia', 'Quis mollitia sint rerum commodi aut magni vel. Et et maiores laboriosam beatae officia similique eligendi.', 380, 5, 23, '2020-02-21 06:06:19', '2020-02-21 06:06:19'),
(160, 'quia', 'Et provident doloribus aut illo. Maxime quas maiores non ipsam. Molestiae officiis consequatur qui rerum aut.', 265, 3, 19, '2020-02-21 06:06:19', '2020-02-21 06:06:19'),
(161, 'aut', 'Magnam qui qui deserunt aut aliquam debitis. Mollitia quia ea dolorem temporibus a nesciunt. Quis natus est id eum sed quia et. Perferendis explicabo esse est et velit officia.', 143, 4, 19, '2020-02-21 06:06:19', '2020-02-21 06:06:19'),
(162, 'earum', 'Enim officiis magni natus iure quaerat soluta incidunt. Alias vitae dolorem quasi placeat voluptas. Et est recusandae molestiae ullam.', 669, 2, 25, '2020-02-21 06:06:19', '2020-02-21 06:06:19'),
(163, 'ex', 'Non in consequatur ea provident qui voluptatibus. Error qui et aut ut et commodi modi. Sunt harum animi distinctio incidunt eveniet.', 667, 8, 8, '2020-02-21 06:06:19', '2020-02-21 06:06:19'),
(164, 'ea', 'Dolor alias tempore et enim. Sed minus corporis ullam velit. Voluptas maxime architecto qui eum. Fuga animi officiis autem ut voluptatibus perferendis occaecati soluta.', 947, 8, 7, '2020-02-21 06:06:19', '2020-02-21 06:06:19'),
(165, 'dolorem', 'Quia dicta perferendis tenetur consequatur nostrum quod. Est voluptas commodi ab dolores inventore numquam magnam. Quo ut qui rerum eos laudantium.', 813, 7, 2, '2020-02-21 06:06:19', '2020-02-21 06:06:19'),
(166, 'necessitatibus', 'Reiciendis quia distinctio vel dicta sit ipsam reiciendis. Nobis impedit maiores totam sapiente iure officia iusto. Quas maiores aut ratione et temporibus. Non fugit pariatur dolorem consectetur.', 260, 8, 20, '2020-02-21 06:06:19', '2020-02-21 06:06:19'),
(167, 'aut', 'Facilis dolorem placeat aliquid nesciunt enim quia. Molestias porro adipisci accusamus et maiores beatae. Et quos magnam commodi. Et aut iste ipsa repellendus et eos exercitationem.', 759, 3, 4, '2020-02-21 06:06:19', '2020-02-21 06:06:19'),
(168, 'expedita', 'Sit blanditiis omnis quia inventore enim iste dolorem nemo. Et sequi officia quam sunt debitis at. Itaque sunt error et est officiis asperiores cumque. Vel magni ratione odio voluptas. Aut error illo ut veniam inventore iure aut.', 627, 5, 15, '2020-02-21 06:06:19', '2020-02-21 06:06:19'),
(169, 'dicta', 'Tenetur quia autem et voluptatum repellat. Praesentium et sunt vitae libero enim tenetur non. Commodi molestiae necessitatibus mollitia ut facere quas. Corporis veniam sapiente qui cumque et nemo ad.', 105, 6, 10, '2020-02-21 06:06:19', '2020-02-21 06:06:19'),
(170, 'modi', 'Aut ut id sequi aut. Cum eum necessitatibus consequatur minus reprehenderit magni. Minus totam ullam et eligendi voluptatibus optio quos.', 639, 7, 16, '2020-02-21 06:06:20', '2020-02-21 06:06:20'),
(171, 'deleniti', 'Commodi sint ut dignissimos perspiciatis nihil quis sint voluptates. Harum aut rerum sit cupiditate ipsam. Sit est quisquam non amet est. Est quaerat voluptatem consequuntur sequi. Quia veritatis architecto ut modi mollitia debitis rem.', 406, 1, 20, '2020-02-21 06:06:20', '2020-02-21 06:06:20'),
(172, 'perspiciatis', 'Quisquam officiis atque non nostrum quia. Quia rerum atque odio voluptatem ullam. Debitis sint quia nihil minima non.', 508, 4, 18, '2020-02-21 06:06:20', '2020-02-21 06:06:20'),
(173, 'id', 'Tenetur eveniet earum delectus tenetur quas minus ut natus. Ex commodi ullam quidem aperiam a voluptatem libero. Molestiae quod non qui iusto rem.', 630, 5, 17, '2020-02-21 06:06:20', '2020-02-21 06:06:20'),
(174, 'sit', 'Quo dolorum et eaque non autem nisi consequatur. Impedit et reiciendis facere quos temporibus. Ut atque quod corrupti totam est eius.', 257, 4, 6, '2020-02-21 06:06:20', '2020-02-21 06:06:20'),
(175, 'iure', 'Nam quisquam aut enim quisquam tenetur. Velit perferendis explicabo accusamus et odio fugiat veritatis.', 920, 4, 22, '2020-02-21 06:06:20', '2020-02-21 06:06:20'),
(176, 'autem', 'Sed autem harum consequatur neque et laboriosam. Eligendi libero deserunt rerum aut fuga sed reiciendis. Reiciendis corrupti temporibus ducimus tenetur et.', 291, 4, 4, '2020-02-21 06:06:20', '2020-02-21 06:06:20'),
(177, 'ut', 'Voluptatum sunt neque aut magnam. Enim repudiandae non autem officiis rerum dolorum nisi. Eligendi placeat maiores voluptatum cumque dolorem harum adipisci.', 692, 9, 3, '2020-02-21 06:06:20', '2020-02-21 06:06:20'),
(178, 'ab', 'Velit eaque distinctio voluptates aut qui minus molestiae. Tempora ipsum nihil et non numquam sunt. Minus nemo sapiente itaque numquam quae pariatur. Earum natus et facilis dolores velit aut fugiat perspiciatis.', 227, 7, 11, '2020-02-21 06:06:20', '2020-02-21 06:06:20'),
(179, 'expedita', 'Quibusdam id et velit. Nihil saepe itaque laboriosam quaerat. Enim animi praesentium voluptas earum est rem.', 255, 7, 20, '2020-02-21 06:06:20', '2020-02-21 06:06:20'),
(180, 'cupiditate', 'Quos corrupti vel omnis fuga fugit. Quia voluptas quam ex quidem sint iste debitis harum. Ut omnis fugit omnis expedita accusamus vero eveniet. Veritatis dolor minus mollitia vero adipisci qui fugit blanditiis.', 761, 2, 9, '2020-02-21 06:06:20', '2020-02-21 06:06:20'),
(181, 'voluptas', 'Et eveniet odit dignissimos dicta optio cupiditate deserunt. Qui sit sed adipisci pariatur pariatur numquam nemo. Aut quo et quisquam sed et est amet laudantium. Corporis quod et magnam quibusdam nihil voluptates quia.', 479, 2, 28, '2020-02-21 06:06:20', '2020-02-21 06:06:20'),
(182, 'laborum', 'Maxime modi laudantium et. Quam quia nam et aut nostrum. Officiis et eius natus labore provident dicta. Quas molestiae blanditiis qui.', 312, 4, 2, '2020-02-21 06:06:20', '2020-02-21 06:06:20'),
(183, 'harum', 'Quia et quis harum ipsa vero nam. Aspernatur enim debitis excepturi doloribus placeat quia. Qui similique eos autem quia ad quam et.', 751, 9, 25, '2020-02-21 06:06:20', '2020-02-21 06:06:20'),
(184, 'delectus', 'Optio totam qui eius eius. Vel doloremque assumenda sit ab non odit.', 360, 2, 2, '2020-02-21 06:06:20', '2020-02-21 06:06:20'),
(185, 'non', 'Autem voluptates mollitia molestiae est ut corporis. Quo nemo ea et.', 939, 8, 19, '2020-02-21 06:06:20', '2020-02-21 06:06:20'),
(186, 'expedita', 'Perspiciatis vitae est quasi quia omnis dolorum. Ex quibusdam qui rerum. Quidem aut asperiores consequatur officiis dolorem. Ipsa quis consequuntur recusandae et vel ut.', 118, 9, 5, '2020-02-21 06:06:20', '2020-02-21 06:06:20'),
(187, 'ipsa', 'Ipsum reiciendis earum ut dolorem dolorum. Perferendis sapiente distinctio cum rerum et. Facere quas repellendus fugit. Dignissimos a et quia reiciendis.', 226, 2, 14, '2020-02-21 06:06:21', '2020-02-21 06:06:21'),
(188, 'ab', 'Rerum facilis aut vitae. Dolores officiis reprehenderit accusamus. Est dignissimos assumenda dolores repellendus. Cupiditate quas et quia vel cum non.', 473, 0, 9, '2020-02-21 06:06:21', '2020-02-21 06:06:21'),
(189, 'voluptas', 'Ut id ducimus nulla maiores iure corporis quaerat itaque. Quia error aut assumenda voluptatibus consequatur. Consequatur in ut ea aut.', 571, 4, 18, '2020-02-21 06:06:21', '2020-02-21 06:06:21'),
(190, 'enim', 'Hic in sit recusandae et eum velit non. Ullam accusamus impedit quaerat aut. Nemo recusandae qui fugiat iusto dignissimos. Quibusdam voluptatem esse minus.', 966, 0, 16, '2020-02-21 06:06:21', '2020-02-21 06:06:21'),
(191, 'molestiae', 'Recusandae assumenda facilis quos tenetur soluta modi quis est. Voluptatem eveniet itaque sint quasi vel non. Sed aut corrupti debitis aliquam repudiandae molestiae.', 703, 5, 6, '2020-02-21 06:06:21', '2020-02-21 06:06:21'),
(192, 'iure', 'Quas amet est corporis alias ab minima cupiditate. Tenetur dicta esse nam doloribus accusamus. Ut sunt earum consequuntur excepturi quia iusto velit non.', 802, 1, 12, '2020-02-21 06:06:21', '2020-02-21 06:06:21'),
(193, 'repudiandae', 'Repellat voluptatem molestiae magnam et in ipsum. Ab aut quidem eos architecto non quae non voluptatem. Quis voluptatem qui neque architecto natus ut tempora modi. Laborum est ut laboriosam quo in.', 544, 2, 25, '2020-02-21 06:06:21', '2020-02-21 06:06:21'),
(194, 'consequatur', 'Laboriosam cum ipsum sed autem minus et voluptas. Odit nulla doloremque inventore similique iusto. Non quo dolorem aut impedit veritatis. Animi minus consequatur sint eum.', 729, 9, 10, '2020-02-21 06:06:21', '2020-02-21 06:06:21'),
(195, 'officiis', 'Magnam et sint voluptatibus velit. Fugiat voluptas ab voluptatem vel distinctio dolor est deleniti. Perferendis aliquam eaque neque. Ipsum et occaecati nostrum eligendi ex nihil quia vel.', 745, 7, 8, '2020-02-21 06:06:21', '2020-02-21 06:06:21'),
(196, 'et', 'Soluta debitis minima quos dicta blanditiis ut necessitatibus. Alias sed id qui quia reiciendis. Corrupti excepturi sed maiores dolor similique vel. Laborum suscipit corrupti mollitia reprehenderit quia aut impedit id.', 919, 6, 10, '2020-02-21 06:06:21', '2020-02-21 06:06:21'),
(197, 'tempora', 'Voluptas iste atque doloribus rem. Rem qui iusto quo ipsa. Dignissimos vero hic qui omnis totam aut voluptatem. Ad illum expedita ad qui non officiis et.', 776, 5, 16, '2020-02-21 06:06:21', '2020-02-21 06:06:21'),
(198, 'dolorum', 'Tempora voluptatum commodi dicta molestiae. Vitae ut velit officia praesentium. Repudiandae quam omnis est doloremque. Eum quod veniam vero voluptate delectus aut quia.', 387, 1, 16, '2020-02-21 06:06:21', '2020-02-21 06:06:21'),
(199, 'sit', 'Id perferendis ut distinctio magnam est et. Id est repudiandae quos perferendis tenetur distinctio deserunt inventore. Velit at vero soluta itaque architecto. Deserunt pariatur recusandae fugiat sit rerum consequuntur.', 128, 0, 21, '2020-02-21 06:06:21', '2020-02-21 06:06:21'),
(200, 'alias', 'Ipsum ea et blanditiis dolorem in. Nesciunt assumenda dicta veniam tenetur earum. Dolor ut qui omnis quas dolor qui blanditiis debitis. Accusantium cum quia reiciendis illum amet aperiam. Eaque id necessitatibus ad et saepe.', 251, 3, 22, '2020-02-21 06:06:21', '2020-02-21 06:06:21');

-- --------------------------------------------------------

--
-- Table structure for table `reviews`
--

CREATE TABLE `reviews` (
  `id` int(10) UNSIGNED NOT NULL,
  `product_id` int(10) UNSIGNED NOT NULL,
  `customer` varchar(255) COLLATE utf8mb4_unicode_ci NOT NULL,
  `review` text COLLATE utf8mb4_unicode_ci NOT NULL,
  `star` int(11) NOT NULL,
  `created_at` timestamp NULL DEFAULT NULL,
  `updated_at` timestamp NULL DEFAULT NULL
) ENGINE=InnoDB DEFAULT CHARSET=utf8mb4 COLLATE=utf8mb4_unicode_ci;

--
-- Dumping data for table `reviews`
--

INSERT INTO `reviews` (`id`, `product_id`, `customer`, `review`, `star`, `created_at`, `updated_at`) VALUES
(1, 158, 'Maye Will', 'Delectus deserunt quod veritatis nesciunt. Voluptate illum aut veniam doloribus dolores qui ad sapiente. Alias et nihil repellat dignissimos. Qui ea nisi iste earum est ut.', 3, '2020-02-21 06:06:22', '2020-02-21 06:06:22'),
(2, 36, 'Lessie Cummerata', 'Quaerat illo a ut sit. Quo qui molestiae sunt consequatur quia. Voluptate ea nostrum labore cumque.', 5, '2020-02-21 06:06:22', '2020-02-21 06:06:22'),
(3, 50, 'Dandre Dietrich', 'Nemo rerum atque rerum iste rerum. Nihil ut laudantium et modi sint. Quisquam eius earum consequatur error.', 1, '2020-02-21 06:06:22', '2020-02-21 06:06:22'),
(4, 85, 'Carolina Christiansen DDS', 'Quidem facere deleniti asperiores facere blanditiis aut. Et beatae odit sed eveniet consequatur. Ab deleniti rerum qui itaque ut deleniti itaque dolores. Eveniet unde unde ab ut dolor sint.', 0, '2020-02-21 06:06:22', '2020-02-21 06:06:22'),
(5, 63, 'Dr. Jarod Breitenberg III', 'Minima ratione libero debitis nulla. Fuga illo ut blanditiis voluptatibus earum odio doloremque libero. Consequuntur quas reiciendis repudiandae esse perferendis ducimus animi molestias.', 2, '2020-02-21 06:06:22', '2020-02-21 06:06:22'),
(6, 194, 'Brenden Littel', 'Neque vitae voluptatem iste necessitatibus non. Quia ea qui est modi facilis neque sed. Illo alias dolorem molestiae a nihil. Vitae amet quisquam qui.', 5, '2020-02-21 06:06:23', '2020-02-21 06:06:23'),
(7, 133, 'Lavinia Quigley', 'Numquam blanditiis quam alias dolor non possimus quis. Veniam reprehenderit omnis magni molestias provident culpa voluptatibus illum. Voluptas enim aut aspernatur. Quo voluptatum vel aut omnis perferendis qui. Cumque suscipit aut inventore fugit quia rerum at.', 4, '2020-02-21 06:06:23', '2020-02-21 06:06:23'),
(8, 49, 'Mrs. Mellie Hegmann', 'Qui molestiae in pariatur corrupti. At iure harum quia dolores molestias rerum voluptas. Temporibus ut odit aut quidem autem alias corrupti quas. Ad natus necessitatibus id neque rerum eum expedita.', 4, '2020-02-21 06:06:23', '2020-02-21 06:06:23'),
(9, 27, 'Kailyn Turcotte', 'Iusto quos aliquam molestiae. Eius error vero accusamus voluptatem eveniet modi illo. Reprehenderit sint et corporis quia asperiores consequatur laboriosam. Aut ipsam et qui amet sint et.', 2, '2020-02-21 06:06:23', '2020-02-21 06:06:23'),
(10, 164, 'Stella Schmitt Jr.', 'Minima dolorem id modi facere ullam. Omnis nostrum earum nihil dolores voluptas exercitationem neque. Error et ab nostrum qui omnis dicta et.', 1, '2020-02-21 06:06:23', '2020-02-21 06:06:23'),
(11, 103, 'Haleigh Turner', 'Sunt aut voluptas quae vitae dignissimos. Occaecati molestias repellat harum voluptatem quia. Nobis sed et pariatur ut ea.', 2, '2020-02-21 06:06:23', '2020-02-21 06:06:23'),
(12, 75, 'Justen Kutch', 'Nihil rerum mollitia sapiente saepe similique. Sint atque modi qui et soluta et. Quo consectetur voluptas minus dolorem nostrum voluptas possimus.', 3, '2020-02-21 06:06:23', '2020-02-21 06:06:23'),
(13, 65, 'Prof. Fiona Glover II', 'Ea modi ut et cum optio odit error. Blanditiis rem voluptatem sint ipsum exercitationem sit eum. Aliquid odio corporis repellat aut.', 0, '2020-02-21 06:06:23', '2020-02-21 06:06:23'),
(14, 118, 'Prof. Kristina Bins DDS', 'Commodi quibusdam non debitis delectus ipsum. Suscipit commodi molestiae labore quis. Est nam eum quia provident nulla.', 5, '2020-02-21 06:06:24', '2020-02-21 06:06:24'),
(15, 96, 'Mrs. Alyson Rolfson', 'Cumque voluptas non sit. Quod explicabo deserunt aut consequatur. Dolor qui eos error aliquid.', 3, '2020-02-21 06:06:24', '2020-02-21 06:06:24'),
(16, 176, 'Patrick Bradtke', 'Repudiandae consequatur similique fugit reiciendis. Aperiam quo nihil aliquam dolorem. Eos est magni sint voluptate qui.', 1, '2020-02-21 06:06:24', '2020-02-21 06:06:24'),
(17, 48, 'Daryl Wolff PhD', 'Reiciendis dolorem vel inventore accusantium reprehenderit. Quas corrupti eaque vero voluptatem. Cumque saepe autem ex minima quis.', 5, '2020-02-21 06:06:24', '2020-02-21 06:06:24'),
(18, 8, 'Vella Heidenreich', 'Nemo asperiores et laborum et ut qui. Ex explicabo recusandae voluptates. Ea totam repellat dolores repudiandae nihil veniam. Error dolor dolor assumenda facere labore doloremque dolorem pariatur.', 1, '2020-02-21 06:06:24', '2020-02-21 06:06:24'),
(19, 26, 'Travon Herzog', 'Expedita vitae deleniti amet eveniet. Aliquid nam repellat ut sint aut vitae doloribus dolorum. Voluptates sed laboriosam tenetur est.', 0, '2020-02-21 06:06:24', '2020-02-21 06:06:24'),
(20, 55, 'Molly Effertz', 'Reprehenderit eius quod eum aut facilis nostrum fugiat. At sed vel autem nihil aut laborum esse. Et aspernatur at quasi aut voluptatem vero culpa.', 2, '2020-02-21 06:06:24', '2020-02-21 06:06:24'),
(21, 158, 'Wilburn Von', 'Omnis dolorum illum doloribus. Alias rerum et sunt tempora unde placeat mollitia facere. Qui quia beatae magnam ut culpa amet et. Facilis libero est quo velit et est.', 0, '2020-02-21 06:06:24', '2020-02-21 06:06:24'),
(22, 196, 'Rhiannon Wintheiser', 'Amet ea minus eligendi. Qui excepturi a rerum. Tempore placeat expedita error ut illo omnis.', 1, '2020-02-21 06:06:24', '2020-02-21 06:06:24'),
(23, 37, 'Dr. Hadley Connelly Jr.', 'Dolores id corporis optio reprehenderit et nemo fuga. Quia et delectus sed eos perspiciatis corporis accusantium. Provident voluptatibus enim ducimus nobis voluptatem consequatur.', 4, '2020-02-21 06:06:24', '2020-02-21 06:06:24'),
(24, 182, 'Brendan Kub', 'Culpa expedita accusantium vel tempore eveniet quas. Est quo sed et temporibus harum sed. Placeat architecto ut voluptates eos sequi voluptatum ab. Inventore vel nemo ea consequatur laboriosam.', 2, '2020-02-21 06:06:24', '2020-02-21 06:06:24'),
(25, 144, 'Sherman Christiansen', 'Nemo nulla occaecati sed dolores debitis. Dolorum sed aperiam porro at. Ipsam nisi architecto asperiores eos beatae aspernatur adipisci. Eaque temporibus ipsum consectetur officiis voluptatem alias esse.', 5, '2020-02-21 06:06:24', '2020-02-21 06:06:24'),
(26, 116, 'Mr. Jayme Franecki III', 'Voluptatem eaque est non nihil. Magnam possimus quae eos consequatur rerum consequatur. Quibusdam esse asperiores officia eum. Reprehenderit sed suscipit vitae consectetur.', 4, '2020-02-21 06:06:24', '2020-02-21 06:06:24'),
(27, 8, 'Reilly Hane', 'Quia blanditiis est qui enim iure totam laudantium. Ex tempore tempora et facilis sit est voluptas. Nobis iste adipisci omnis porro ea vero. Quaerat sit qui ipsam eum praesentium vel vel. Autem similique voluptatem officia repellendus aliquid omnis.', 1, '2020-02-21 06:06:25', '2020-02-21 06:06:25'),
(28, 199, 'Shad Sauer III', 'Incidunt maxime repellendus ut. Eos dolores et nisi mollitia tenetur. Illum qui et officia cum aliquam non exercitationem.', 2, '2020-02-21 06:06:25', '2020-02-21 06:06:25'),
(29, 49, 'Kenyatta Donnelly', 'Ab exercitationem ad ut. Ducimus aliquid ut dolorem. Harum eveniet omnis quos officia et. Cum dolor qui fuga et voluptatibus porro dolores.', 1, '2020-02-21 06:06:25', '2020-02-21 06:06:25'),
(30, 104, 'Roberto Kuphal DVM', 'Laboriosam accusamus autem minima perferendis dignissimos ex. Sed assumenda in consequatur. Blanditiis tempora est eos accusamus deserunt earum. Nesciunt aut neque omnis.', 3, '2020-02-21 06:06:25', '2020-02-21 06:06:25'),
(31, 149, 'Talon Kuhic', 'Repellendus et architecto rerum excepturi aut commodi qui. Dolor quaerat corporis eaque quas eveniet similique fugiat ad. Quasi iure expedita nesciunt esse. Voluptates quaerat mollitia fugit.', 1, '2020-02-21 06:06:25', '2020-02-21 06:06:25'),
(32, 59, 'Mr. Clyde Rau PhD', 'Sapiente qui possimus corrupti sed alias. Incidunt ad dignissimos occaecati omnis beatae. Eum libero illum molestiae quibusdam quia voluptatum error.', 0, '2020-02-21 06:06:25', '2020-02-21 06:06:25'),
(33, 185, 'Granville Luettgen', 'Ut quisquam enim facilis rerum saepe voluptas voluptas debitis. Nemo inventore dolore ex sequi perspiciatis. Quod voluptas inventore sint. Quo ipsa qui dicta occaecati.', 2, '2020-02-21 06:06:25', '2020-02-21 06:06:25'),
(34, 48, 'Dolly Friesen', 'Sit distinctio ut voluptatem voluptatem aperiam itaque. Sequi culpa dolorem delectus. Distinctio est odio omnis dolores et aut ducimus. Illum ea ratione doloribus eos dolores. Nostrum voluptatibus aut molestiae eum consectetur est non.', 2, '2020-02-21 06:06:26', '2020-02-21 06:06:26'),
(35, 185, 'Genoveva Kutch', 'In expedita et rerum ut. Dignissimos soluta consequuntur sunt quae. Sequi culpa assumenda et assumenda. Quia et similique ut in beatae.', 5, '2020-02-21 06:06:26', '2020-02-21 06:06:26'),
(36, 163, 'Jane Dickinson', 'Sit ut ipsum laudantium totam omnis fuga. In molestiae qui ipsam in voluptatem. Et molestiae quasi accusamus fuga eum quasi nihil aliquid.', 1, '2020-02-21 06:06:26', '2020-02-21 06:06:26'),
(37, 89, 'Prof. Jermain Howe IV', 'Eum unde commodi possimus voluptatem quia consequatur et. Praesentium aut rerum dolore. Magnam quae et quam molestiae quia sed. Assumenda qui consectetur qui laudantium distinctio totam qui aut.', 5, '2020-02-21 06:06:26', '2020-02-21 06:06:26'),
(38, 129, 'Kelli Feil', 'Est recusandae cumque eos nihil. Illum voluptates et minus. Ut modi facilis corporis officiis.', 5, '2020-02-21 06:06:26', '2020-02-21 06:06:26'),
(39, 103, 'Jerald Hegmann IV', 'Aliquid vitae exercitationem libero adipisci tenetur. Iusto numquam illum suscipit voluptatum accusamus quis. Rerum id tenetur debitis dolorem dolor praesentium. Minima nesciunt rerum consectetur fuga eum.', 4, '2020-02-21 06:06:26', '2020-02-21 06:06:26'),
(40, 150, 'Mr. Geo Heathcote', 'Perspiciatis dolorem magnam qui ea voluptatem corrupti ab rem. Aut reiciendis consectetur odio saepe vel rem ut. Consequatur eos culpa quia est impedit voluptas facilis.', 3, '2020-02-21 06:06:26', '2020-02-21 06:06:26'),
(41, 124, 'Tia Kunde', 'Natus reprehenderit dolorem illo deleniti debitis. Accusantium quam dolores alias fuga consequatur sed. Sunt odio earum reiciendis rem facilis fuga nesciunt. Tenetur quae ex adipisci aspernatur.', 4, '2020-02-21 06:06:26', '2020-02-21 06:06:26'),
(42, 52, 'Prof. Kaleigh Witting DDS', 'Consectetur a earum ad quibusdam voluptas distinctio. Rerum eveniet velit est mollitia. Eos minima voluptatem modi tempora quibusdam. Eligendi culpa dolores rerum dicta sed sed a.', 5, '2020-02-21 06:06:26', '2020-02-21 06:06:26'),
(43, 136, 'Prof. Rocio King IV', 'Voluptate consequatur vero accusamus pariatur. Non et id dolorem exercitationem iure.', 3, '2020-02-21 06:06:26', '2020-02-21 06:06:26'),
(44, 77, 'Magali Wehner', 'Ea eos culpa rerum incidunt et ea. Porro dolor incidunt libero consequatur unde qui. Deleniti asperiores vitae iure temporibus qui est. Quas enim atque non provident dignissimos fuga.', 3, '2020-02-21 06:06:26', '2020-02-21 06:06:26'),
(45, 70, 'Prof. Brook Krajcik', 'Nobis et rem placeat veniam facere aut. Ut ut sed rem expedita esse neque. Hic quibusdam illum et blanditiis et perspiciatis. Beatae eos accusamus reiciendis corporis dolorem magnam non ullam.', 1, '2020-02-21 06:06:26', '2020-02-21 06:06:26'),
(46, 194, 'Winifred Powlowski', 'Aperiam doloremque odio quidem ipsum. Omnis iusto odit et totam expedita et ad. Enim aspernatur sapiente eaque vitae et officiis.', 3, '2020-02-21 06:06:27', '2020-02-21 06:06:27'),
(47, 186, 'Amalia Swift', 'Repudiandae quod qui quasi ut quam sit. Voluptas et excepturi ad eaque inventore ut provident. Nisi eius voluptates id tenetur quia doloribus nobis. Est et quia omnis sunt.', 5, '2020-02-21 06:06:27', '2020-02-21 06:06:27'),
(48, 169, 'Dr. Fausto Hills', 'Nihil assumenda sit asperiores id. Ut iure corporis odit aliquid quia optio eos praesentium. Facilis et nihil neque at cumque.', 3, '2020-02-21 06:06:27', '2020-02-21 06:06:27'),
(49, 80, 'Theresa Schmeler', 'Tempora sint quisquam atque aliquam sint maxime repudiandae. Mollitia consequatur odit est exercitationem et. Saepe dolores eius tenetur et enim veniam. Deleniti voluptatem eum sit fugiat ad saepe.', 0, '2020-02-21 06:06:27', '2020-02-21 06:06:27'),
(50, 173, 'Leif Wehner', 'Quisquam ut culpa et optio est sapiente est. Eligendi alias nam magnam vero provident sequi ratione quia. Voluptas debitis qui reiciendis molestias. Eveniet ducimus ex mollitia quos.', 0, '2020-02-21 06:06:28', '2020-02-21 06:06:28'),
(51, 129, 'Alanis Schimmel', 'Qui voluptatem omnis vero ut in rerum. Est quia atque quidem molestias. Sequi nihil et earum voluptatem neque ratione. Est suscipit dicta eveniet molestiae et veniam.', 5, '2020-02-21 06:06:28', '2020-02-21 06:06:28'),
(52, 148, 'Rita Sauer MD', 'Ab praesentium eius voluptas vero. Quam dignissimos itaque amet asperiores. Incidunt at aut reiciendis nisi et. Eaque error enim dolorem laborum tenetur qui. Culpa deleniti recusandae in delectus dicta accusamus.', 0, '2020-02-21 06:06:28', '2020-02-21 06:06:28'),
(53, 187, 'Anastacio Kessler I', 'Voluptas unde quos possimus illum animi aut. Qui placeat et sed. Odio iure quidem tenetur quae. Velit reprehenderit et sunt fugiat incidunt. Nam quaerat maiores praesentium eos beatae.', 0, '2020-02-21 06:06:28', '2020-02-21 06:06:28'),
(54, 2, 'Olga Gleason', 'Dolorem sunt et deserunt neque. Vero ut omnis earum quam consequatur at. Dolores omnis quod similique autem iusto cum. Eaque aut eos ut maiores et minima.', 0, '2020-02-21 06:06:28', '2020-02-21 06:06:28'),
(55, 21, 'Paul Kling', 'Eveniet quaerat accusamus nostrum quidem quibusdam saepe. Ut culpa tempora rerum aut quibusdam earum consequatur. Voluptatum nihil similique eum et soluta natus.', 2, '2020-02-21 06:06:28', '2020-02-21 06:06:28'),
(56, 65, 'Ms. Damaris Heathcote', 'Accusantium est rerum et rem qui. Dolores ut quia animi qui necessitatibus modi ducimus. Sequi voluptatem distinctio est consectetur quas et.', 4, '2020-02-21 06:06:28', '2020-02-21 06:06:28'),
(57, 25, 'Dr. Alexandrea Gottlieb', 'Beatae est ut amet. Ipsa vero odio vitae quia. Sunt incidunt ipsam tenetur modi incidunt facere.', 0, '2020-02-21 06:06:28', '2020-02-21 06:06:28'),
(58, 47, 'Yvonne Toy', 'Adipisci ex quo unde modi molestias recusandae est ipsa. Nesciunt quo minima id ut non. Qui quaerat velit molestiae vel tempore optio aut ipsa.', 5, '2020-02-21 06:06:28', '2020-02-21 06:06:28'),
(59, 70, 'Dr. Ericka Abshire MD', 'Et eaque aut ipsum ut. Error eum odio neque asperiores tempora consequatur. Qui ut ut molestias sed. Voluptatem consequatur cum laboriosam officiis dolorem aliquam.', 3, '2020-02-21 06:06:29', '2020-02-21 06:06:29'),
(60, 163, 'Dr. Manley O\'Kon DVM', 'Corrupti optio nisi quod. Nulla iste rem nulla optio minima ut quis. Tempora voluptas quos ut iusto non. Officia eligendi eum et quia omnis.', 3, '2020-02-21 06:06:29', '2020-02-21 06:06:29'),
(61, 16, 'Lennie Crist', 'Qui eligendi accusantium nobis recusandae id sint vel. Recusandae eligendi nulla modi quo maxime velit sapiente. Quidem esse ea nulla molestiae quidem debitis reiciendis. Debitis error deleniti molestiae tempora.', 2, '2020-02-21 06:06:29', '2020-02-21 06:06:29'),
(62, 37, 'Miracle Towne', 'Voluptatem in natus fugiat aut explicabo modi quia. Omnis repellendus et vel. Eaque sunt sit voluptatem omnis molestiae.', 3, '2020-02-21 06:06:29', '2020-02-21 06:06:29'),
(63, 41, 'Cletus Kessler', 'Delectus quia et fugiat nulla. Ut molestias impedit sed quia est consectetur cum. Vel officiis quos atque aperiam aspernatur. Non occaecati aliquid aut.', 5, '2020-02-21 06:06:29', '2020-02-21 06:06:29'),
(64, 139, 'Maryam Schmitt', 'Eos magnam nobis porro. Velit nihil officiis ut distinctio est molestiae beatae et. Sint dicta sed exercitationem voluptatem eius reprehenderit. Dolore voluptatibus corrupti repellendus.', 1, '2020-02-21 06:06:30', '2020-02-21 06:06:30'),
(65, 106, 'Eulah Hahn', 'Non eum ducimus voluptas rerum. Impedit quia omnis in doloribus. Autem qui vel dolor dolorem cupiditate perferendis natus dicta.', 2, '2020-02-21 06:06:30', '2020-02-21 06:06:30'),
(66, 126, 'Dominic Waelchi', 'Nisi facere id molestiae suscipit quae. Repellendus illum commodi dolor eum dolorem blanditiis. Quidem id est et tempora voluptatibus id labore est.', 1, '2020-02-21 06:06:30', '2020-02-21 06:06:30'),
(67, 91, 'Dr. Garland Deckow', 'Totam reprehenderit quam tempore blanditiis sed minima. Eveniet voluptas dolorem officia voluptatem voluptate sit.', 0, '2020-02-21 06:06:30', '2020-02-21 06:06:30'),
(68, 181, 'Harmon Runte', 'Enim accusamus nulla occaecati. Atque perspiciatis omnis optio corrupti et nihil hic autem. Aut id ipsam exercitationem illum est harum fuga quia.', 5, '2020-02-21 06:06:30', '2020-02-21 06:06:30'),
(69, 195, 'Ms. Demetris Kerluke', 'Et aut molestiae architecto aliquid debitis. Fugiat esse et in rerum. Hic totam sunt ut fugit pariatur iure soluta quisquam. Voluptas consectetur nam quia. Facilis ratione nesciunt similique eligendi.', 3, '2020-02-21 06:06:30', '2020-02-21 06:06:30'),
(70, 105, 'Ally Rosenbaum', 'Eligendi labore voluptatem est. Qui veritatis reprehenderit quos. Quasi magni aliquam ut ex. Non iure itaque veritatis id totam ut voluptates.', 5, '2020-02-21 06:06:30', '2020-02-21 06:06:30'),
(71, 155, 'Prof. Hester Mayert III', 'Explicabo sed quisquam consequatur eveniet nostrum. Aut corrupti voluptatem error dolorum sit explicabo beatae. Quo in dignissimos quasi reprehenderit.', 1, '2020-02-21 06:06:30', '2020-02-21 06:06:30'),
(72, 37, 'Pinkie Davis', 'Provident officia dolorem explicabo voluptatem vitae voluptatem aliquam distinctio. Soluta aut alias sed tenetur ut. Corrupti dolorem veritatis hic quae vero est incidunt. Enim exercitationem eum ab ut.', 4, '2020-02-21 06:06:31', '2020-02-21 06:06:31'),
(73, 192, 'Guiseppe Steuber III', 'Repellendus incidunt quis debitis. Illum beatae possimus id enim iste. Sit fugit eos et excepturi sint. Rerum non aut ex saepe ea.', 1, '2020-02-21 06:06:31', '2020-02-21 06:06:31'),
(74, 170, 'Gino Hayes MD', 'Dignissimos autem quis vero cupiditate corrupti. Dolorem veniam voluptatem sunt repellendus expedita quibusdam perferendis. Voluptatem eveniet sequi enim inventore laborum eos.', 4, '2020-02-21 06:06:31', '2020-02-21 06:06:31'),
(75, 98, 'Savanna Goldner', 'Eius laboriosam fugit modi repellat. Rerum beatae saepe consequuntur quas hic.', 1, '2020-02-21 06:06:31', '2020-02-21 06:06:31'),
(76, 8, 'Viviane Luettgen', 'Possimus quod earum blanditiis consectetur provident. Ducimus ipsa eum laboriosam beatae incidunt. Rerum veritatis et et dolor.', 5, '2020-02-21 06:06:31', '2020-02-21 06:06:31'),
(77, 142, 'Susana Lueilwitz III', 'Rerum excepturi officia laudantium provident exercitationem. Aperiam temporibus temporibus alias illum voluptas voluptates est. Voluptatem aut in ut totam.', 1, '2020-02-21 06:06:31', '2020-02-21 06:06:31'),
(78, 3, 'Else Kessler', 'Odio id facere molestias aut non. Quia voluptatem ad aut quia modi at voluptatibus aut. Recusandae minus dolor quia quos rerum.', 0, '2020-02-21 06:06:31', '2020-02-21 06:06:31'),
(79, 167, 'Prof. Berniece Walker DVM', 'Quia sequi suscipit reprehenderit qui. Alias ut quam fugiat rerum ab delectus perspiciatis tenetur. Reiciendis modi animi amet ea. Aspernatur ut libero quo enim.', 5, '2020-02-21 06:06:31', '2020-02-21 06:06:31'),
(80, 60, 'Jerad Hill V', 'Necessitatibus nihil voluptatem ex explicabo ut corporis neque fugit. Quia ut doloremque illo dolor debitis libero. Enim ratione eveniet quam. Laudantium vero labore aspernatur sit quae eum quaerat. Eos quae qui dolorum laborum rerum velit.', 4, '2020-02-21 06:06:32', '2020-02-21 06:06:32'),
(81, 66, 'Wilfred Graham III', 'Odit in non inventore architecto molestias nisi velit tempore. Harum accusantium nihil suscipit qui. Optio unde non quia corrupti magnam. Magnam omnis hic recusandae blanditiis.', 0, '2020-02-21 06:06:32', '2020-02-21 06:06:32'),
(82, 185, 'Simeon Hoppe', 'Tempora temporibus et quam itaque quia. Ut quia harum eos ut. Enim quae voluptatem velit illum. Soluta ut voluptas nobis. Suscipit velit sunt nostrum mollitia assumenda.', 4, '2020-02-21 06:06:32', '2020-02-21 06:06:32'),
(83, 87, 'Shane Ward', 'Veritatis et reiciendis blanditiis odit aut repellat. Dicta corporis totam repellendus a quae aliquam voluptatem. Perferendis magnam est praesentium incidunt ut veritatis reprehenderit. Alias beatae natus rerum molestiae ducimus necessitatibus sunt.', 1, '2020-02-21 06:06:32', '2020-02-21 06:06:32'),
(84, 158, 'Evan Denesik', 'Fuga qui corporis quod voluptas. Et occaecati doloribus expedita est. Dicta aperiam officiis esse et aperiam odit alias. Quidem similique error et eaque consequatur.', 1, '2020-02-21 06:06:32', '2020-02-21 06:06:32'),
(85, 133, 'Cora Yundt', 'Sit tenetur non est ex deserunt rerum molestiae. Consequatur inventore aut expedita excepturi veritatis reiciendis sapiente. Illum iusto modi perferendis et.', 1, '2020-02-21 06:06:32', '2020-02-21 06:06:32'),
(86, 140, 'Wiley Cartwright IV', 'Sed voluptates expedita doloribus numquam nesciunt amet dignissimos. Voluptatibus laudantium dolores sunt ullam facilis autem. Esse neque fugiat modi sunt aut. Dolor quae molestiae similique non consectetur veniam sit.', 5, '2020-02-21 06:06:32', '2020-02-21 06:06:32'),
(87, 7, 'Miss Shanelle Beier', 'Architecto sint consequatur laboriosam amet possimus. In enim vitae quasi quo. Delectus nam et nobis aliquid aut eum non tempora.', 4, '2020-02-21 06:06:33', '2020-02-21 06:06:33'),
(88, 159, 'Lucie Smitham', 'Et autem architecto beatae ea doloribus sapiente. Temporibus sed doloribus nobis deleniti delectus quas voluptas. Ducimus magni architecto et rerum aut est aut.', 5, '2020-02-21 06:06:33', '2020-02-21 06:06:33'),
(89, 187, 'Prof. Kiana Lang', 'Modi aut dolorem non quidem. Praesentium fugiat quis id aut ut id harum. Et sunt aut possimus odio omnis aut qui.', 0, '2020-02-21 06:06:33', '2020-02-21 06:06:33'),
(90, 137, 'Elenor Schamberger Sr.', 'Laboriosam perspiciatis eligendi est et et. In optio aliquid explicabo rerum eius et. Soluta praesentium sed a molestiae facere nihil voluptas. Culpa quibusdam rerum eveniet voluptate inventore. Dolore quo voluptatem veritatis autem natus itaque.', 2, '2020-02-21 06:06:33', '2020-02-21 06:06:33'),
(91, 193, 'Nona Weissnat', 'Doloremque numquam nihil porro non eum labore soluta. Perspiciatis magnam distinctio sunt officia dolore voluptatem dolorem. Ratione beatae et sint est maiores. Porro non perferendis similique facere a saepe.', 1, '2020-02-21 06:06:33', '2020-02-21 06:06:33'),
(92, 16, 'Mr. Hermann Ernser', 'Blanditiis alias nihil est unde architecto. Earum nisi ipsa et perspiciatis voluptatem dolor. Et quidem in consequatur. Sunt alias minus quisquam.', 2, '2020-02-21 06:06:33', '2020-02-21 06:06:33'),
(93, 190, 'Peggie Stroman', 'Sint vel et quibusdam eaque iure adipisci amet. Natus possimus quia impedit vel molestias. Et alias quae dicta fugiat accusantium maxime laborum nihil.', 5, '2020-02-21 06:06:33', '2020-02-21 06:06:33'),
(94, 4, 'Israel Schuster DVM', 'Libero nesciunt neque laborum velit cumque. Tempora id quis perspiciatis ea et. Ut blanditiis et ex consequuntur fugit repellendus. Eos voluptas quaerat ut reiciendis.', 3, '2020-02-21 06:06:33', '2020-02-21 06:06:33'),
(95, 147, 'Ms. Margaret Rutherford', 'Maiores atque provident sapiente aspernatur voluptas accusamus harum asperiores. Ut qui doloremque qui ut. Qui earum culpa quo repudiandae. Voluptatem ut maiores quia labore occaecati. Illo fugit qui earum magnam dolores culpa.', 5, '2020-02-21 06:06:33', '2020-02-21 06:06:33'),
(96, 151, 'Taya Jaskolski', 'Assumenda vel ut sunt. Itaque laboriosam sequi voluptatum ab libero et voluptas.', 1, '2020-02-21 06:06:33', '2020-02-21 06:06:33'),
(97, 126, 'Dr. Ron Tromp', 'Dolor voluptatem est in in repellendus ut. Molestiae eaque aperiam ut voluptatem est amet. Quam autem nemo dolorem consequuntur deserunt accusamus eos.', 1, '2020-02-21 06:06:34', '2020-02-21 06:06:34'),
(98, 197, 'Cecil Dibbert', 'Aut a voluptatibus et quis et. Dolore debitis reiciendis cupiditate earum exercitationem veniam quos. Debitis nihil itaque at ut. Nobis vel ut quod adipisci ut.', 0, '2020-02-21 06:06:34', '2020-02-21 06:06:34'),
(99, 12, 'Javonte Reinger', 'Beatae natus et doloremque. Impedit excepturi consequatur dolores. Saepe corrupti ut autem ea mollitia. Aut et vel soluta rerum rerum ex accusantium. Unde omnis quis doloribus corrupti impedit.', 4, '2020-02-21 06:06:35', '2020-02-21 06:06:35'),
(100, 8, 'Dortha Baumbach DVM', 'Vero fugit est quasi dolorem qui et itaque. Animi impedit hic rerum cumque. Earum ducimus quibusdam dolorem omnis vel at minima temporibus. Sint architecto recusandae possimus quas sequi harum. Voluptas id ducimus iusto laborum.', 1, '2020-02-21 06:06:35', '2020-02-21 06:06:35'),
(101, 111, 'Stephan Goyette MD', 'Sequi est nisi illo culpa. Qui dolor asperiores voluptas quia id. Dolores dolorum perspiciatis odit fuga ut illum. Unde doloremque reprehenderit assumenda qui eos eum rerum.', 0, '2020-02-21 06:06:35', '2020-02-21 06:06:35'),
(102, 160, 'Kara Cruickshank', 'Beatae quo aspernatur temporibus odio sunt enim placeat. Optio veritatis ratione quisquam ipsa.', 5, '2020-02-21 06:06:35', '2020-02-21 06:06:35'),
(103, 11, 'Cruz Denesik DVM', 'Quis aut ut non minus ut ut est. Unde nihil veritatis rem necessitatibus in minima ut. Labore debitis illum quisquam aut et cupiditate natus.', 1, '2020-02-21 06:06:35', '2020-02-21 06:06:35'),
(104, 61, 'Ms. Jaunita Wiza PhD', 'Maxime debitis laborum dolor. Dolor ipsum facere qui et magni et sed. Quis maiores ipsum nesciunt tempore expedita saepe. Veniam nihil tempora numquam et. Excepturi culpa voluptas voluptatem tempora quo nam.', 3, '2020-02-21 06:06:35', '2020-02-21 06:06:35'),
(105, 20, 'Fleta Borer', 'Est minima voluptatem doloribus iure aut et qui. Assumenda et nihil officia natus in labore. Iste deserunt consequuntur dolor aliquid quos quo possimus ut.', 1, '2020-02-21 06:06:36', '2020-02-21 06:06:36'),
(106, 34, 'Kianna Emmerich', 'Qui maxime enim tempora ut. Rerum sit quibusdam et nam qui non quam repellendus. Explicabo doloremque ut enim sequi ex quo alias sit. Itaque et quasi ipsum quam deleniti asperiores.', 5, '2020-02-21 06:06:36', '2020-02-21 06:06:36'),
(107, 20, 'Dr. Carolanne Trantow', 'Et rerum ut odit ipsam exercitationem dolorum minus. Numquam incidunt corrupti dolores repudiandae. Harum fuga enim voluptatem eos eos repudiandae incidunt. Quod ut quis quia illo.', 1, '2020-02-21 06:06:36', '2020-02-21 06:06:36'),
(108, 5, 'Gerry Nikolaus', 'Dolores sed qui dicta explicabo officia deserunt dicta. Voluptas id omnis nisi officiis aut dicta odit. Alias aut omnis distinctio.', 3, '2020-02-21 06:06:36', '2020-02-21 06:06:36'),
(109, 12, 'Prof. Morgan Bernier', 'Aut rerum adipisci quisquam sed officia porro dolor. Reprehenderit aspernatur commodi blanditiis optio. Iure est nisi omnis tempora voluptas delectus dolorem.', 2, '2020-02-21 06:06:36', '2020-02-21 06:06:36'),
(110, 91, 'Flavio Jacobs', 'Natus perspiciatis aperiam voluptatum et praesentium eius fuga. Sint aspernatur et quaerat veritatis ea quos. Excepturi quod id voluptatum iste laboriosam sunt ullam aliquam. Provident qui quia velit non sed similique dolore ab.', 5, '2020-02-21 06:06:37', '2020-02-21 06:06:37'),
(111, 61, 'Mr. Melvina Bernier IV', 'Nobis facilis cum sequi voluptatem. Ut et nostrum delectus consectetur nemo ullam. Ab qui ut possimus odio quam nihil.', 3, '2020-02-21 06:06:37', '2020-02-21 06:06:37'),
(112, 167, 'Alaina Grady', 'Nostrum sequi modi non corporis vel. Fuga numquam non explicabo sit. Illo facere et eveniet dolores.', 5, '2020-02-21 06:06:37', '2020-02-21 06:06:37'),
(113, 135, 'Rubye Reilly Jr.', 'Voluptas qui minima dolores eos vitae asperiores a. Sunt iusto sed autem quia beatae. Occaecati in amet voluptatem omnis et quis aut. Et mollitia eius quidem omnis dolores necessitatibus debitis.', 0, '2020-02-21 06:06:37', '2020-02-21 06:06:37'),
(114, 189, 'Bonita Stoltenberg', 'Aut dignissimos numquam et et. Voluptas dignissimos accusamus at qui id ratione consequatur. Et voluptas blanditiis quia perferendis.', 0, '2020-02-21 06:06:37', '2020-02-21 06:06:37'),
(115, 197, 'Jeffry Howell II', 'Minus odio aliquam ut molestiae expedita veniam. Sed delectus nisi saepe asperiores inventore qui. Modi fugiat laborum molestias quo iste similique voluptas. Ad quae quia quis officiis sit.', 2, '2020-02-21 06:06:37', '2020-02-21 06:06:37'),
(116, 122, 'Cortez Kuphal', 'Blanditiis eos reprehenderit voluptatum sunt sapiente dolores magni commodi. Repellendus nulla quod non quibusdam. Eligendi delectus unde voluptates nihil repudiandae eligendi repudiandae. Soluta et aut voluptatem a.', 4, '2020-02-21 06:06:37', '2020-02-21 06:06:37'),
(117, 152, 'Carmelo Reichert', 'Ea reprehenderit ratione quia cupiditate odit autem omnis. Tempora atque non omnis iure aut id. Debitis ea nihil id omnis et odio. Quod odio odit aliquam.', 2, '2020-02-21 06:06:38', '2020-02-21 06:06:38'),
(118, 101, 'Mr. Nelson Mohr Sr.', 'Sunt tempore qui consequuntur et perferendis iusto amet. Saepe dignissimos minima iste totam. Dolor labore qui fugit cumque velit et.', 5, '2020-02-21 06:06:38', '2020-02-21 06:06:38'),
(119, 102, 'Mrs. Lori Hoeger', 'Quisquam est eveniet in ut unde qui. Dolorem consequuntur voluptas maxime quidem. Et deleniti eligendi porro aut explicabo omnis. Dolorem non quia veritatis ratione. Iusto est rerum sit ut quia.', 5, '2020-02-21 06:06:38', '2020-02-21 06:06:38'),
(120, 163, 'Prof. Maverick Lang', 'Repellat beatae incidunt nam quis. Ut tenetur quas aut vel ipsum cum nisi laboriosam.', 3, '2020-02-21 06:06:38', '2020-02-21 06:06:38'),
(121, 152, 'Miss Erica Kutch', 'Necessitatibus nihil molestiae ipsum mollitia. Rerum est atque quas tenetur dolorum quis iusto omnis. Unde quam corrupti ut saepe. Modi aliquam neque quaerat vitae velit rerum possimus.', 1, '2020-02-21 06:06:38', '2020-02-21 06:06:38'),
(122, 69, 'Gaston Weber', 'Et molestias quidem voluptatem nostrum harum. Sapiente dolorem est neque. Fuga et recusandae quia alias quibusdam.', 3, '2020-02-21 06:06:38', '2020-02-21 06:06:38'),
(123, 78, 'Madelyn Weissnat', 'Impedit eos explicabo est eos. Libero dolorem ipsum dicta ea. Ipsa optio repellendus cum voluptas hic voluptas. Quae dignissimos ut aspernatur vel.', 4, '2020-02-21 06:06:38', '2020-02-21 06:06:38'),
(124, 52, 'Sedrick Cummerata', 'At tempora qui consequuntur asperiores id omnis quas. Sequi at qui deleniti distinctio. Fugiat voluptatem quae optio velit est.', 3, '2020-02-21 06:06:39', '2020-02-21 06:06:39'),
(125, 29, 'Patricia Smith', 'Deserunt non quis et voluptates esse ratione. Tenetur id porro mollitia cumque amet atque in facere. Voluptas omnis architecto rerum alias voluptatibus a.', 3, '2020-02-21 06:06:39', '2020-02-21 06:06:39'),
(126, 147, 'Dr. Thelma Heidenreich', 'Recusandae qui nostrum fuga deleniti quia minima. Omnis voluptas aperiam delectus qui dolor velit. Consequatur quaerat maiores quibusdam consequatur voluptatum quia asperiores. Eveniet dolor voluptatibus qui et laboriosam ipsam.', 2, '2020-02-21 06:06:39', '2020-02-21 06:06:39'),
(127, 64, 'Terence Kemmer', 'Voluptatem et et natus et nesciunt dicta. Et minima ipsum eaque aspernatur doloribus. Fuga aut sed voluptatum necessitatibus labore. Necessitatibus est officia officiis deserunt non voluptatem et temporibus.', 3, '2020-02-21 06:06:39', '2020-02-21 06:06:39'),
(128, 15, 'Macie Schoen Jr.', 'Corrupti et necessitatibus cumque quae sed. Dolore animi exercitationem repudiandae rerum soluta reprehenderit accusantium. Impedit facere rerum vel voluptatibus maxime nihil asperiores.', 2, '2020-02-21 06:06:40', '2020-02-21 06:06:40'),
(129, 93, 'Mrs. Glenna Mayer DDS', 'Rerum voluptate assumenda iure. Quia sequi sint doloremque sapiente voluptates. Minima aut voluptatem nam delectus aliquid consequatur enim. Autem quia quia mollitia dolorem id.', 1, '2020-02-21 06:06:40', '2020-02-21 06:06:40'),
(130, 20, 'Joel Roberts', 'Voluptas quia asperiores neque velit non aliquid veniam. Officia atque dolorum voluptatem dolor quasi eum debitis tenetur. Ut in maiores cupiditate labore nulla et aperiam dicta.', 1, '2020-02-21 06:06:41', '2020-02-21 06:06:41'),
(131, 8, 'Gayle Kuphal', 'Officiis deserunt beatae numquam amet explicabo nulla sed voluptatem. Quidem libero sit est neque laborum. Qui consectetur saepe voluptatem quo ullam rerum ullam esse. Inventore ipsam quo eum enim.', 2, '2020-02-21 06:06:42', '2020-02-21 06:06:42'),
(132, 44, 'Reece Lang', 'Incidunt inventore aut accusantium cum unde. Animi eos magni optio doloremque. Quia nemo dolore numquam nobis est explicabo. Hic sed dolor suscipit voluptate nobis ut repudiandae.', 4, '2020-02-21 06:06:42', '2020-02-21 06:06:42'),
(133, 144, 'Prof. Dorthy Mills', 'Deleniti temporibus necessitatibus ipsa sit tempore. Et illum nesciunt dolorem. Non dolores iste facilis tenetur fugit.', 3, '2020-02-21 06:06:42', '2020-02-21 06:06:42'),
(134, 19, 'Columbus Prosacco II', 'Deserunt aliquam aut animi autem recusandae eveniet. Dolorem temporibus soluta enim aperiam impedit nam. Amet assumenda quasi eos blanditiis incidunt magnam voluptatem. Similique nisi nihil ea. Inventore aut aut temporibus velit autem omnis.', 4, '2020-02-21 06:06:42', '2020-02-21 06:06:42'),
(135, 184, 'Floyd Terry', 'Labore mollitia voluptate ut molestias et est quaerat. Voluptate commodi esse in alias. Beatae nihil sit porro sed. Sequi inventore qui eos qui magni eos ex.', 5, '2020-02-21 06:06:42', '2020-02-21 06:06:42'),
(136, 54, 'Meaghan Lowe V', 'Nisi distinctio unde sint sed quia id autem. Omnis veniam distinctio voluptatem quasi aut explicabo. Cum exercitationem magnam quia sunt cum excepturi qui quod.', 5, '2020-02-21 06:06:42', '2020-02-21 06:06:42'),
(137, 152, 'Catharine Morissette', 'Consectetur sunt consectetur quod itaque dicta et molestiae dolores. Dolore voluptatibus rerum in qui eius voluptas. Laudantium sint rerum dolor voluptas.', 4, '2020-02-21 06:06:42', '2020-02-21 06:06:42'),
(138, 64, 'Arielle Zemlak', 'In quia tempore in porro pariatur quisquam similique. Enim repellendus libero sunt architecto nihil. Officiis est quia omnis quae.', 5, '2020-02-21 06:06:42', '2020-02-21 06:06:42'),
(139, 74, 'Miss Lea Ward', 'Possimus sit dolorum est magnam. Rem quo mollitia saepe non explicabo enim molestias sint. Cum dolor non rerum enim numquam.', 1, '2020-02-21 06:06:42', '2020-02-21 06:06:42'),
(140, 121, 'Hipolito Schaden', 'Est nemo eos nam. Maxime consequuntur non tenetur non et autem. Sed ex sit at sint quis ut. Mollitia sit id omnis illum fugit. Aspernatur id voluptatem aut.', 4, '2020-02-21 06:06:42', '2020-02-21 06:06:42'),
(141, 64, 'Mr. Dario Bergstrom', 'Porro dolor quam laudantium doloribus. Voluptates fugit et et soluta ipsa vero qui maxime. Eveniet dolorum alias sed aspernatur rerum officiis.', 5, '2020-02-21 06:06:42', '2020-02-21 06:06:42'),
(142, 60, 'Myriam Littel', 'Vel et voluptatum perspiciatis distinctio sequi. Rem earum occaecati suscipit libero et. Veritatis veniam quia quod temporibus iure est omnis.', 0, '2020-02-21 06:06:42', '2020-02-21 06:06:42'),
(143, 107, 'Simone Marvin', 'Adipisci explicabo sint earum vel laboriosam quia. Omnis doloribus ex et et numquam. Qui beatae doloribus dolor velit. Tempora vel assumenda autem sint nemo sed.', 2, '2020-02-21 06:06:42', '2020-02-21 06:06:42'),
(144, 123, 'Prof. Russ O\'Hara IV', 'Autem consectetur eum incidunt fugiat. Corrupti in et quisquam quas aliquid quia consequatur reprehenderit. Nulla corrupti tenetur sunt tempore dignissimos hic.', 1, '2020-02-21 06:06:43', '2020-02-21 06:06:43'),
(145, 119, 'Emilie Jacobi', 'Ut dolores rem nesciunt aspernatur et. Et reiciendis et et eum consectetur. Exercitationem voluptas aut est est velit.', 1, '2020-02-21 06:06:43', '2020-02-21 06:06:43'),
(146, 107, 'Etha Rogahn', 'Eaque quam id qui ut dolorem. Id sapiente aliquid ullam reprehenderit soluta est aut. Labore quasi earum inventore ut earum enim.', 3, '2020-02-21 06:06:43', '2020-02-21 06:06:43'),
(147, 10, 'Lyla Altenwerth', 'Dolor corporis qui commodi. Sapiente et est doloribus et veritatis accusantium accusantium. Asperiores aperiam ipsum atque distinctio error dolores esse.', 4, '2020-02-21 06:06:43', '2020-02-21 06:06:43'),
(148, 107, 'Roxane Breitenberg', 'Voluptatem nostrum occaecati voluptatum veniam velit repudiandae earum. Qui minus ea qui. Rerum ut adipisci doloribus voluptas error aut. Aliquam ab dolor unde provident. Aliquam voluptas esse officia voluptatibus numquam.', 2, '2020-02-21 06:06:44', '2020-02-21 06:06:44'),
(149, 35, 'Jaylon Harris', 'Cupiditate itaque molestiae doloribus recusandae. Ut qui asperiores odio.', 4, '2020-02-21 06:06:44', '2020-02-21 06:06:44'),
(150, 87, 'Prof. Henderson Bradtke III', 'Suscipit et minus dolor minus nisi. Sit voluptatem aut perspiciatis ipsam quos necessitatibus itaque. Amet ad quod sunt. Sint qui voluptates autem voluptatem odit.', 2, '2020-02-21 06:06:44', '2020-02-21 06:06:44'),
(151, 107, 'Thalia West', 'Dolorem et magni sit tempora. Fugiat est dolore exercitationem tempora et vitae. Adipisci facilis adipisci et aliquid officia quod placeat. Ad culpa voluptas architecto rerum repellendus aut.', 2, '2020-02-21 06:06:44', '2020-02-21 06:06:44'),
(152, 189, 'Alda Gulgowski', 'Impedit est delectus ut sequi iste distinctio dolore. Sit et temporibus distinctio nobis et cumque. Repellendus qui quia quos qui.', 1, '2020-02-21 06:06:44', '2020-02-21 06:06:44'),
(153, 1, 'Albert Von', 'Omnis qui voluptatem aut voluptatum non dolores. Tenetur harum quos nobis ipsa tempore. Facere quaerat laudantium et dignissimos rerum et quibusdam minima.', 0, '2020-02-21 06:06:44', '2020-02-21 06:06:44'),
(154, 163, 'Alessandra McKenzie', 'Laudantium iste sunt qui debitis. Aut aut sed est id tempora. Eaque vero voluptatem libero culpa sit eos eveniet. Aut architecto at pariatur dolore perferendis.', 0, '2020-02-21 06:06:44', '2020-02-21 06:06:44'),
(155, 173, 'Leopold Cronin', 'Ab omnis consequatur quia molestiae. Velit explicabo qui error voluptas ut aut. Consequatur iure assumenda et molestias aliquam aspernatur. Voluptatem repellendus et recusandae.', 5, '2020-02-21 06:06:44', '2020-02-21 06:06:44'),
(156, 83, 'Dr. Orlo Ferry IV', 'Repellendus id deleniti distinctio sit ipsam deserunt. Blanditiis veniam et aspernatur aut. Nisi illo voluptas dolorum nemo sit est. Qui sed perferendis iure eum excepturi.', 3, '2020-02-21 06:06:44', '2020-02-21 06:06:44'),
(157, 12, 'Edgardo Feest', 'Magni assumenda possimus velit inventore corrupti. Qui ipsa explicabo nihil minus cumque iste et sed. Ex assumenda sunt sed ut iste repellendus sit. Eum accusantium rerum ut.', 3, '2020-02-21 06:06:44', '2020-02-21 06:06:44'),
(158, 162, 'Joyce Dare I', 'Tempore autem commodi quos. Omnis eos eius voluptas molestias dolorem quos debitis.', 1, '2020-02-21 06:06:44', '2020-02-21 06:06:44'),
(159, 78, 'Mason Schuster I', 'Officiis quod reiciendis atque sed similique sed rem. Id aperiam magni consequatur qui. Tempore qui et dicta corporis ipsa qui laborum eos.', 2, '2020-02-21 06:06:45', '2020-02-21 06:06:45'),
(160, 129, 'Prof. Rosemarie Collins', 'Voluptas unde amet atque corrupti. Ipsum omnis nemo excepturi sed molestias doloremque rerum. Rem nostrum deleniti explicabo ipsam sit molestias est.', 4, '2020-02-21 06:06:45', '2020-02-21 06:06:45'),
(161, 6, 'Doug Torp DDS', 'Est non quis iste saepe placeat. Id minima aperiam accusantium deleniti officia.', 4, '2020-02-21 06:06:45', '2020-02-21 06:06:45'),
(162, 143, 'Dr. Willy Abbott III', 'Maxime ut officiis tempora corrupti quis dicta soluta. Sunt laudantium qui repellendus. Nemo animi rerum eos. Cumque provident iste maxime sed corporis illum doloremque quaerat. Ut aut et dolorum dolore est.', 4, '2020-02-21 06:06:45', '2020-02-21 06:06:45'),
(163, 31, 'Cristopher Gutmann Sr.', 'Exercitationem possimus inventore quia et. Ea eaque reprehenderit quia. Officia earum iste accusamus assumenda rerum.', 2, '2020-02-21 06:06:45', '2020-02-21 06:06:45'),
(164, 8, 'Amari Kertzmann', 'Libero consequatur est eos consequatur. Eaque dolores explicabo sint eligendi corrupti aut. Minima quaerat id omnis sunt. Qui saepe inventore vitae iste.', 1, '2020-02-21 06:06:45', '2020-02-21 06:06:45'),
(165, 133, 'Vernon Davis', 'Impedit et enim sed nisi omnis nulla. Voluptatibus optio ut voluptas dolor autem hic. Ut eligendi nostrum voluptas voluptatem molestiae autem.', 1, '2020-02-21 06:06:45', '2020-02-21 06:06:45'),
(166, 152, 'Kacey Muller', 'Aut cumque ad et sint magni deleniti vero labore. Odit occaecati quo laboriosam et aut commodi occaecati id. Pariatur fugiat officiis mollitia tempore omnis.', 5, '2020-02-21 06:06:45', '2020-02-21 06:06:45'),
(167, 144, 'Brock Cremin', 'Ut aliquid aut aut exercitationem sequi omnis laboriosam. Et exercitationem aperiam ducimus. Ea officia eius dolorem ducimus molestiae quia sed. Eum quidem itaque non repellat.', 1, '2020-02-21 06:06:46', '2020-02-21 06:06:46'),
(168, 190, 'Marcel Leffler', 'Eligendi maxime dolorem deleniti ex. Alias impedit quas nihil voluptatum. Eos ea corrupti sed omnis. Excepturi est in cupiditate impedit vero facilis et.', 3, '2020-02-21 06:06:46', '2020-02-21 06:06:46'),
(169, 134, 'Eldridge Klocko', 'Porro porro debitis ex aut earum. Maiores et quidem ut libero. Quos nihil earum quidem quidem. Magni nesciunt eius iure rem.', 2, '2020-02-21 06:06:46', '2020-02-21 06:06:46'),
(170, 158, 'Emely Wuckert III', 'Ab quo laudantium maiores aut dolores. Dolores et sint exercitationem iste reprehenderit aut. Omnis dicta ut reiciendis. Enim eaque voluptas enim voluptate harum quam quos.', 3, '2020-02-21 06:06:46', '2020-02-21 06:06:46'),
(171, 66, 'Dr. Roxanne Waters', 'Temporibus expedita sed eligendi recusandae earum sequi. Nihil beatae ratione molestiae laborum ea. Laborum sunt rerum ipsum quasi incidunt. Aspernatur omnis quia est minima et deserunt.', 5, '2020-02-21 06:06:46', '2020-02-21 06:06:46'),
(172, 11, 'Hilma Reichert', 'Consequatur architecto sit neque dignissimos incidunt quasi. Voluptatem similique officiis porro quidem. Magnam nihil est unde nemo error qui. Et quo ab error voluptas omnis.', 4, '2020-02-21 06:06:46', '2020-02-21 06:06:46'),
(173, 135, 'Kaylie Douglas', 'Ullam dolorem impedit voluptatibus beatae velit delectus minus tempore. Atque voluptate corrupti error consectetur quia. Veniam molestiae dolorem voluptas tempora. Impedit quam voluptatum a et.', 3, '2020-02-21 06:06:46', '2020-02-21 06:06:46'),
(174, 159, 'Stuart Blanda', 'Dicta non praesentium voluptatem magni accusantium sit alias. Aut fugiat vel amet sunt aut. Aut animi officiis illum ab quis minima in. Quisquam voluptatem deleniti sequi.', 0, '2020-02-21 06:06:46', '2020-02-21 06:06:46'),
(175, 171, 'Miss Elva Weissnat', 'Quas delectus dolor quia architecto quisquam esse quia. Cumque tenetur et sit recusandae magni. Ab voluptatem maxime iste dolor. Omnis ut et laudantium id autem quis voluptas.', 0, '2020-02-21 06:06:46', '2020-02-21 06:06:46'),
(176, 197, 'Prof. Grayce Harris III', 'Explicabo quia sapiente quo commodi. Magnam aliquid veniam sit sapiente magni iusto quidem eos. Nisi sunt ipsa repudiandae quibusdam itaque. Voluptates eos consequatur tempora quis.', 3, '2020-02-21 06:06:47', '2020-02-21 06:06:47'),
(177, 67, 'Davonte Bosco', 'Et velit iste quisquam nihil officia hic quia. Rerum voluptatibus omnis et nobis quia non. Asperiores expedita earum ut qui sapiente.', 1, '2020-02-21 06:06:47', '2020-02-21 06:06:47'),
(178, 85, 'Gene Beahan', 'Quidem voluptatibus officia neque dolores. Odio voluptatum sunt molestiae adipisci sunt repellat nisi. Itaque ipsum et cupiditate laboriosam enim exercitationem qui. Deleniti qui asperiores adipisci deleniti ea nulla.', 3, '2020-02-21 06:06:47', '2020-02-21 06:06:47'),
(179, 106, 'Destinee Kreiger', 'Amet natus deserunt dolor nesciunt. Quisquam temporibus aperiam veniam recusandae. Nobis eum eos quis suscipit non libero facilis. Et rerum ipsam nostrum vero voluptatem.', 5, '2020-02-21 06:06:47', '2020-02-21 06:06:47'),
(180, 13, 'Coy Tromp', 'Porro provident sed iure voluptate. Cupiditate alias atque dolor reiciendis voluptas neque. Veniam quis deserunt voluptate earum odit iure. Blanditiis esse ut consequatur deleniti blanditiis nemo. Aut explicabo qui explicabo ea quibusdam.', 1, '2020-02-21 06:06:47', '2020-02-21 06:06:47'),
(181, 159, 'Odessa Vandervort', 'Beatae laboriosam reprehenderit velit. Provident incidunt et voluptatem ipsum.', 3, '2020-02-21 06:06:48', '2020-02-21 06:06:48'),
(182, 192, 'Candelario Weissnat', 'Ut autem architecto similique deserunt. Sed delectus ratione molestias sit amet consequatur et aliquid. Odit corporis velit ea quia qui. Illo esse nihil necessitatibus iusto est.', 4, '2020-02-21 06:06:48', '2020-02-21 06:06:48'),
(183, 46, 'Mr. Lucious Boyle Sr.', 'Quaerat sed dolorem quas culpa. Ullam quia laudantium in. Iure quidem molestiae non aut sint. Magnam qui voluptatibus ipsum.', 1, '2020-02-21 06:06:48', '2020-02-21 06:06:48'),
(184, 198, 'Dr. Felicita Beer', 'Dolorem illum molestiae consequuntur nisi porro. Libero laudantium a dolores autem molestias est consectetur sed. Ut velit aliquid et laboriosam distinctio sed est. Aut culpa et placeat deleniti.', 0, '2020-02-21 06:06:48', '2020-02-21 06:06:48'),
(185, 47, 'Johnpaul Barton III', 'Rerum dolorem animi a ea numquam ipsum. Sit similique asperiores voluptatem et est tempore consequatur voluptatibus. Velit voluptatibus aliquid et sed voluptatem velit.', 4, '2020-02-21 06:06:48', '2020-02-21 06:06:48'),
(186, 111, 'Francisco Douglas', 'Quos rerum perferendis recusandae error ea sed blanditiis. Nihil nihil quia quos quam voluptatum at. Qui fugiat inventore rem eaque. Exercitationem est harum id quas officia est cumque.', 4, '2020-02-21 06:06:48', '2020-02-21 06:06:48'),
(187, 190, 'Dr. Mylene Armstrong', 'Possimus ullam aut et iusto accusantium. Labore aspernatur provident accusamus fugit. Pariatur ad qui veritatis atque. Aut voluptas asperiores distinctio consequatur distinctio sequi tempore molestiae. Omnis eligendi assumenda accusamus qui.', 3, '2020-02-21 06:06:48', '2020-02-21 06:06:48'),
(188, 21, 'Damaris Berge MD', 'Non culpa vitae quod animi neque nihil ipsa. Illum est iure nobis quisquam a quisquam. Accusamus eveniet qui repudiandae molestiae minima placeat libero.', 5, '2020-02-21 06:06:48', '2020-02-21 06:06:48'),
(189, 84, 'Mr. Richard Wiza MD', 'Delectus cum commodi quia quia consectetur omnis ut. Repudiandae perspiciatis voluptatem animi dolorem sequi molestias et. Est facilis consectetur dolores deserunt quis temporibus aut. Ipsam consequuntur delectus eius et nesciunt alias dicta quas. Impedit facere optio est omnis optio similique.', 2, '2020-02-21 06:06:48', '2020-02-21 06:06:48'),
(190, 37, 'Rebecca Kertzmann', 'Totam sed tempora doloribus dolores unde provident quae. Aut numquam et asperiores aut accusamus. Suscipit rerum quia nemo veniam ipsum. Facere reiciendis mollitia tenetur cum hic repudiandae accusantium. Laboriosam vero neque ex occaecati magnam qui aut nam.', 3, '2020-02-21 06:06:48', '2020-02-21 06:06:48'),
(191, 151, 'Ollie Veum', 'Quia nemo voluptate voluptas non nulla perspiciatis. Quia nobis et aspernatur aut adipisci. Hic repellendus temporibus reprehenderit et et sit.', 3, '2020-02-21 06:06:48', '2020-02-21 06:06:48'),
(192, 142, 'Mrs. Carrie Walsh', 'Magnam mollitia debitis aliquam itaque recusandae. At voluptate voluptatem ipsum in maxime neque. Animi vitae necessitatibus voluptate molestiae modi. Aperiam et qui ipsa.', 3, '2020-02-21 06:06:49', '2020-02-21 06:06:49'),
(193, 54, 'Katherine Metz III', 'Cumque mollitia similique consequatur dolor alias a. Et odit accusantium et in aspernatur sunt omnis.', 4, '2020-02-21 06:06:49', '2020-02-21 06:06:49'),
(194, 197, 'Chet Johnson', 'Eos molestiae mollitia omnis placeat. Asperiores aut culpa fuga ut quasi illum laborum. Qui distinctio rem eaque. Consequatur voluptatem qui voluptatum quod voluptatem. Est saepe dolor et natus hic.', 0, '2020-02-21 06:06:49', '2020-02-21 06:06:49'),
(195, 178, 'Prof. Cristina Heathcote', 'Dolorem doloremque beatae quia voluptatibus dignissimos quos. Optio ratione qui et praesentium unde sint. Ut asperiores non rerum excepturi qui error. Corporis ipsum iure numquam.', 5, '2020-02-21 06:06:49', '2020-02-21 06:06:49'),
(196, 188, 'Amina Padberg', 'Qui consequatur est minus voluptates et reprehenderit exercitationem. Aut alias ut quia neque nihil. Tenetur est aut fugiat cupiditate suscipit id autem.', 4, '2020-02-21 06:06:49', '2020-02-21 06:06:49'),
(197, 61, 'Merritt Rosenbaum', 'Voluptas voluptatem nesciunt placeat neque eos. Unde dolor voluptas ea minima. Dicta tenetur odio dolorem nihil vel et. Exercitationem ipsam qui cum. Blanditiis reprehenderit minima consequatur voluptas ut.', 4, '2020-02-21 06:06:49', '2020-02-21 06:06:49'),
(198, 183, 'Ward Romaguera', 'Possimus est omnis id. Aut et magnam atque qui a sed. Sapiente excepturi aut aut sequi aliquam quia aut magni. Ad eos qui dolorem quidem.', 3, '2020-02-21 06:06:49', '2020-02-21 06:06:49'),
(199, 124, 'Prof. Myles Lemke PhD', 'Culpa ea hic officiis quo repellendus eveniet. Enim sit mollitia aliquam sed porro ullam asperiores. Tempora eum maxime iure expedita quod ut tempora. Beatae sapiente dolore voluptatem totam ea voluptas ducimus.', 1, '2020-02-21 06:06:49', '2020-02-21 06:06:49'),
(200, 58, 'Dr. Elouise Sauer', 'Et laboriosam corrupti ut accusantium repellendus dolorem quos. Maxime nam fuga ab possimus. Nam in et molestias aspernatur. Excepturi rerum cum non tenetur excepturi non soluta sunt.', 4, '2020-02-21 06:06:49', '2020-02-21 06:06:49'),
(201, 60, 'Arvel Wiegand', 'Vel veritatis eaque minus aliquam ab omnis ullam culpa. Consectetur minus sint reprehenderit nulla nam. Ex ullam tempora expedita non quaerat animi. Quasi illum assumenda sint ipsa id ipsam repellat natus.', 1, '2020-02-21 06:06:50', '2020-02-21 06:06:50'),
(202, 100, 'Ms. Aglae Rosenbaum Jr.', 'Minus nemo hic sit magnam. Ad et quibusdam quia est quia illo placeat. Ipsum voluptatem voluptate facilis id maxime saepe.', 3, '2020-02-21 06:06:50', '2020-02-21 06:06:50'),
(203, 111, 'Leonie McGlynn DDS', 'Sed repellat porro delectus. Quasi commodi quis eos excepturi dolor.', 5, '2020-02-21 06:06:50', '2020-02-21 06:06:50'),
(204, 142, 'Mose Abernathy', 'Dolor dicta debitis est voluptatem. Eos occaecati temporibus aut iure.', 3, '2020-02-21 06:06:50', '2020-02-21 06:06:50');
INSERT INTO `reviews` (`id`, `product_id`, `customer`, `review`, `star`, `created_at`, `updated_at`) VALUES
(205, 66, 'Prof. Mose Lebsack', 'Dolor eaque consequatur eos rerum repellat corrupti et. Sed explicabo mollitia cumque voluptatem magnam dolore. Suscipit numquam autem et debitis natus sit.', 1, '2020-02-21 06:06:50', '2020-02-21 06:06:50'),
(206, 150, 'Miss Paige McDermott DDS', 'Ipsam asperiores atque nisi ipsum fugiat. Enim debitis laboriosam ut optio deleniti veritatis ipsam consequatur. In nesciunt sapiente et excepturi accusantium.', 0, '2020-02-21 06:06:50', '2020-02-21 06:06:50'),
(207, 41, 'Cristopher Macejkovic', 'Eveniet minus exercitationem sed qui nisi. Id odio voluptas dolorem necessitatibus asperiores ratione. Ipsam tenetur eius ea temporibus. Animi dolorem voluptatum et officia ullam non vel.', 5, '2020-02-21 06:06:50', '2020-02-21 06:06:50'),
(208, 185, 'Haven Rolfson', 'Ipsam non accusantium dolore vero delectus et. Ducimus modi itaque sequi officiis debitis eligendi ullam consequatur. Impedit recusandae magni exercitationem sequi molestiae expedita ab.', 1, '2020-02-21 06:06:51', '2020-02-21 06:06:51'),
(209, 127, 'Mrs. Aniyah Hyatt PhD', 'Libero accusamus nihil sunt temporibus et maiores. Voluptates quisquam voluptatibus harum ducimus. Autem quos omnis similique veritatis neque labore.', 5, '2020-02-21 06:06:51', '2020-02-21 06:06:51'),
(210, 195, 'Natasha Eichmann', 'Beatae ipsa sint asperiores commodi fuga vel. Temporibus ducimus repellendus recusandae dignissimos et est non quis. Ut sed nostrum ullam. Minus nemo itaque nesciunt. Consequatur quis nam deserunt assumenda nihil veniam est delectus.', 0, '2020-02-21 06:06:51', '2020-02-21 06:06:51'),
(211, 147, 'Loyal Koepp', 'Perspiciatis qui est et iure quam repellat. Pariatur atque iste quia quasi odit ad et. Quod consequatur aliquam debitis provident voluptate velit perferendis. Cumque dolores dolor est corporis.', 5, '2020-02-21 06:06:51', '2020-02-21 06:06:51'),
(212, 9, 'Dr. Savanna Pfeffer', 'Vitae quia aliquid assumenda hic est eum ipsam. Sint ratione est quibusdam velit dolor. Quo maiores nihil hic.', 0, '2020-02-21 06:06:51', '2020-02-21 06:06:51'),
(213, 155, 'Kali Marks', 'Qui repellendus amet error. Quo culpa est sunt ea. Consectetur qui ea repudiandae omnis non.', 1, '2020-02-21 06:06:51', '2020-02-21 06:06:51'),
(214, 161, 'Deborah Frami', 'Et et ab deserunt. Ut cum quibusdam eius nihil maxime odit libero. Iste dolore sunt accusamus nisi repellendus vero. Cupiditate quo velit inventore soluta. Enim ducimus nisi voluptas numquam assumenda.', 3, '2020-02-21 06:06:51', '2020-02-21 06:06:51'),
(215, 4, 'Nathaniel Bednar', 'Est voluptatem harum deserunt odit quam molestias ex. Inventore at esse rerum voluptatem ut repellendus. Ut quis aliquam consectetur dolor. Tenetur et quam tenetur consequuntur nihil voluptas dignissimos. Corrupti quibusdam autem sequi dolorum modi.', 4, '2020-02-21 06:06:51', '2020-02-21 06:06:51'),
(216, 87, 'Ibrahim Pollich', 'Occaecati eius id aliquid quos repellendus. Inventore quia corrupti asperiores repellat ea repellendus officiis provident. Consequatur itaque molestias corporis dicta ut non dolores. Incidunt sit maxime molestiae ducimus. Rerum quam inventore placeat et qui.', 4, '2020-02-21 06:06:52', '2020-02-21 06:06:52'),
(217, 192, 'Clara Johnson DDS', 'Quis nobis aut voluptates voluptas repellat ab placeat beatae. Ex voluptatem quis est sed consequatur quasi soluta. Consequatur minus quam odit adipisci.', 1, '2020-02-21 06:06:52', '2020-02-21 06:06:52'),
(218, 31, 'Oceane Mertz', 'Sunt non numquam ea id distinctio. Et ducimus ratione explicabo qui quia aperiam autem. Atque aut consequatur harum enim ullam veniam. Quis tempore quo vel eos eaque. Quasi ab velit illo voluptatem.', 3, '2020-02-21 06:06:52', '2020-02-21 06:06:52'),
(219, 139, 'Dr. Gunner Jakubowski PhD', 'Maiores incidunt temporibus quod aliquid. Placeat sint et vel est. Autem neque exercitationem sit rerum praesentium.', 1, '2020-02-21 06:06:52', '2020-02-21 06:06:52'),
(220, 119, 'Mr. Greyson Marvin V', 'Non quod iusto dolores tenetur quam. Necessitatibus sunt doloribus minus et pariatur. Occaecati ratione et provident ullam officiis voluptatem. Aut quia quia nulla aliquam eum voluptatem.', 4, '2020-02-21 06:06:53', '2020-02-21 06:06:53'),
(221, 200, 'Rozella Schoen', 'Saepe quos et natus ut veniam velit. Qui nulla maiores voluptatem modi consequuntur ut esse. Ut enim quia numquam id rerum inventore in. Minima aperiam eaque sit tempora.', 1, '2020-02-21 06:06:53', '2020-02-21 06:06:53'),
(222, 67, 'Mrs. Madaline Mertz PhD', 'Consequatur quasi officiis ducimus quia in occaecati. Minima quaerat dolorem ullam eos facere aut blanditiis. Nostrum et nobis aut omnis id quia ut. Rerum aut aut velit eum voluptatem dolorem doloremque.', 5, '2020-02-21 06:06:53', '2020-02-21 06:06:53'),
(223, 39, 'Mrs. Lenore McGlynn', 'Nobis velit aspernatur ducimus ipsa non. Eum omnis in sapiente qui tenetur et voluptatibus. Et ex nesciunt eum similique nam saepe molestiae. Aut enim in magnam ut beatae adipisci.', 0, '2020-02-21 06:06:53', '2020-02-21 06:06:53'),
(224, 66, 'Adelbert Boehm', 'Nihil voluptates iste earum. Et modi soluta accusamus sed. Ut numquam dolorum exercitationem voluptas ipsum sed totam. Et harum deleniti voluptatem adipisci voluptas aperiam.', 4, '2020-02-21 06:06:53', '2020-02-21 06:06:53'),
(225, 144, 'Kacey Mante IV', 'Rerum voluptas in beatae vel temporibus autem. Modi et et ducimus rerum. Et totam ut iste. Laudantium eos eius recusandae saepe.', 3, '2020-02-21 06:06:53', '2020-02-21 06:06:53'),
(226, 1, 'Ms. Norene Bergstrom', 'Commodi est ad explicabo similique voluptatem est quia dolorem. Aut quia velit ut sit consequuntur quia omnis. Architecto quis et similique aut aperiam. Et aperiam voluptatem molestias modi deleniti est tempora qui.', 5, '2020-02-21 06:06:53', '2020-02-21 06:06:53'),
(227, 166, 'Mrs. Verona Kihn', 'Molestiae beatae facere aut reiciendis. Totam sunt optio quos veniam quaerat deleniti modi accusantium. Unde ad omnis error consequatur eius molestias. Quia ipsa aliquam aut ea voluptatem.', 4, '2020-02-21 06:06:53', '2020-02-21 06:06:53'),
(228, 64, 'Molly Rath', 'Et minus distinctio saepe voluptate at. Omnis est itaque placeat et et ea accusantium. Quis vero sit esse ex est.', 3, '2020-02-21 06:06:53', '2020-02-21 06:06:53'),
(229, 83, 'Newton Davis', 'Porro sunt molestias dolorum itaque ad. Labore pariatur commodi et reiciendis et consequatur aspernatur. Animi enim distinctio rem et. Debitis voluptas repellendus sunt quam error.', 1, '2020-02-21 06:06:53', '2020-02-21 06:06:53'),
(230, 1, 'Trisha Beier', 'Recusandae itaque illum provident maiores aut impedit. Aut corrupti eius cumque qui cum aut est. Et perspiciatis ratione perspiciatis et. Maiores magnam dolores doloremque velit sequi libero ut.', 3, '2020-02-21 06:06:53', '2020-02-21 06:06:53'),
(231, 190, 'Josefina Wilkinson', 'Itaque esse provident iure quaerat distinctio. Sed magni qui perferendis. Velit consequatur rerum in minima illum dignissimos vel.', 1, '2020-02-21 06:06:54', '2020-02-21 06:06:54'),
(232, 52, 'Paula Krajcik', 'Perspiciatis ut velit tempora sed impedit. Rerum aut iste eveniet dolores aspernatur animi voluptatem. Veniam corporis excepturi dolore et aut laborum itaque possimus.', 5, '2020-02-21 06:06:54', '2020-02-21 06:06:54'),
(233, 77, 'Kaitlin Skiles', 'Ut sunt impedit fuga cumque ipsum cum. Eligendi corporis est unde. Omnis quo quia adipisci deleniti culpa. Ut rerum perferendis facilis molestias laborum aut et.', 1, '2020-02-21 06:06:54', '2020-02-21 06:06:54'),
(234, 154, 'Lavinia Feil III', 'Voluptate similique nisi qui rerum dolorem commodi quam ratione. Adipisci debitis ullam quis doloremque expedita corrupti.', 4, '2020-02-21 06:06:54', '2020-02-21 06:06:54'),
(235, 190, 'Marguerite Jenkins', 'Nam ut voluptatum earum aliquid sint et. Nesciunt velit odit qui nihil voluptatibus et. In eligendi ex veritatis molestiae. Repellendus et molestiae repellat rerum quo.', 3, '2020-02-21 06:06:54', '2020-02-21 06:06:54'),
(236, 168, 'Herminia Kertzmann', 'Voluptatem sed fugit dolorem praesentium labore ut est. Natus et consequatur quas voluptatem. Quis deserunt pariatur totam maxime non.', 4, '2020-02-21 06:06:54', '2020-02-21 06:06:54'),
(237, 22, 'Mr. Terrell Volkman III', 'Quod consectetur voluptatem et ut accusantium vel debitis ratione. Nesciunt laboriosam et consequatur sit harum blanditiis temporibus. Veritatis saepe sunt sed autem. Itaque eos aut quos ad molestias.', 0, '2020-02-21 06:06:54', '2020-02-21 06:06:54'),
(238, 81, 'Willie Leannon', 'Modi facere ipsa maiores nulla facere deleniti. Nam voluptatem ipsam dolore minus sunt pariatur. Voluptatem vel distinctio nobis rerum. Eum commodi est porro quos nesciunt. Animi error autem rerum est et ducimus.', 1, '2020-02-21 06:06:55', '2020-02-21 06:06:55'),
(239, 127, 'Alanna Mitchell', 'Porro aut sed voluptatem quam velit odio. Voluptate et commodi aut molestiae reprehenderit vitae consequuntur. Qui quis hic eaque molestiae quos veritatis. Et ratione magnam enim quia.', 3, '2020-02-21 06:06:55', '2020-02-21 06:06:55'),
(240, 136, 'Prof. Alek Hettinger III', 'Dolor optio dolor omnis ea. Qui cum dolorem minima aperiam eos eveniet. Commodi repudiandae molestiae cum commodi qui. Quisquam sed qui cum assumenda. Nisi error expedita at minima.', 1, '2020-02-21 06:06:55', '2020-02-21 06:06:55'),
(241, 128, 'Prof. Owen McDermott', 'Maxime dolor vero consequatur voluptatem. Eum voluptas neque rem quis. Nesciunt quo nostrum amet est recusandae tenetur.', 2, '2020-02-21 06:06:55', '2020-02-21 06:06:55'),
(242, 127, 'Letha McCullough', 'Quis nihil omnis quod sit quia placeat voluptatem. Ea laudantium recusandae amet rerum fuga dignissimos. Sed numquam non enim incidunt explicabo libero. Et aut nihil aliquam.', 2, '2020-02-21 06:06:55', '2020-02-21 06:06:55'),
(243, 64, 'Ms. Pink Satterfield', 'In ab aut hic aliquam aut error id quae. Repudiandae ut quaerat culpa quae consequuntur perspiciatis. Perspiciatis porro suscipit commodi velit aut eligendi aut est. Est similique animi optio et voluptatem.', 3, '2020-02-21 06:06:55', '2020-02-21 06:06:55'),
(244, 47, 'Dominic Mante II', 'Ea ullam quo culpa at et quo ullam. Cum voluptatem non ex quo sint odit non. Maiores qui atque aliquam sunt et. Pariatur iure rem accusantium dolores.', 0, '2020-02-21 06:06:55', '2020-02-21 06:06:55'),
(245, 79, 'Royce Zieme', 'Facere eius quis necessitatibus qui modi. Impedit alias et est sed atque voluptates. Consequatur autem tempora perferendis accusantium adipisci. Enim accusamus nisi ullam similique.', 3, '2020-02-21 06:06:55', '2020-02-21 06:06:55'),
(246, 117, 'Casandra Hane', 'Ut minima officia cumque. Qui fugiat quo recusandae aut.', 0, '2020-02-21 06:06:55', '2020-02-21 06:06:55'),
(247, 16, 'Emie Breitenberg', 'Fugit ut sed repellat libero ipsa deleniti distinctio aut. Ut omnis vel qui nemo. Quia exercitationem non iusto et necessitatibus. Sunt ea maiores debitis dolore id consequatur sequi.', 5, '2020-02-21 06:06:55', '2020-02-21 06:06:55'),
(248, 192, 'Ashley Harvey', 'Accusantium sequi a ut quo est distinctio. At aliquid beatae corrupti debitis commodi. Quis perferendis aut esse sit veritatis temporibus ipsam. Doloremque minus perferendis quibusdam voluptate maxime.', 4, '2020-02-21 06:06:56', '2020-02-21 06:06:56'),
(249, 19, 'Ms. Aditya Jakubowski III', 'Ut est perferendis et. Recusandae dolore et quia quaerat molestiae facilis. Fuga rerum mollitia sed. Ad ipsam cupiditate omnis itaque veniam est est officiis.', 5, '2020-02-21 06:06:56', '2020-02-21 06:06:56'),
(250, 180, 'Ms. Melissa Murray', 'Molestias numquam voluptate molestiae reiciendis quae. Veniam tempora voluptatibus aut omnis. Est quia ipsam odit in.', 3, '2020-02-21 06:06:56', '2020-02-21 06:06:56'),
(251, 126, 'Dayana Brakus', 'Ad aliquid minima voluptatem itaque ut magnam sed. Molestias quae occaecati quo ullam rerum nisi eveniet officiis. Odit voluptas omnis maiores iure itaque cupiditate distinctio. Explicabo eos deserunt nisi vitae amet quam.', 2, '2020-02-21 06:06:56', '2020-02-21 06:06:56'),
(252, 93, 'Alda Stoltenberg Sr.', 'Consequuntur reprehenderit totam accusamus. Facilis dignissimos maxime ullam rem fuga sed temporibus. Molestiae assumenda impedit tenetur voluptate.', 2, '2020-02-21 06:06:56', '2020-02-21 06:06:56'),
(253, 46, 'Imogene Crooks', 'Sunt dolorem aut porro repudiandae sit. In ullam sit aperiam explicabo facilis. Et dolorem exercitationem omnis enim accusantium unde magni. Debitis totam eius expedita quos.', 4, '2020-02-21 06:06:56', '2020-02-21 06:06:56'),
(254, 187, 'Wayne Stracke', 'Est inventore possimus minima error natus illum. Vel amet voluptatem soluta optio. Minus id voluptatem dolor voluptatibus. Consequuntur quia culpa accusantium illum repellat et enim.', 0, '2020-02-21 06:06:56', '2020-02-21 06:06:56'),
(255, 51, 'Arne Spencer', 'Perspiciatis alias soluta cum dolor suscipit quia recusandae. Consequuntur dolores cupiditate hic sed maxime voluptas. Eos architecto doloribus ut porro cupiditate magni officia rem.', 2, '2020-02-21 06:06:56', '2020-02-21 06:06:56'),
(256, 196, 'Orville Hoeger', 'Provident ad sint dolorem illo voluptatem. Consectetur ut sequi delectus ut deleniti eveniet. Qui voluptatibus quo commodi. Quis aut quia omnis harum iusto tempora enim. Est praesentium qui aut accusantium voluptatem similique.', 2, '2020-02-21 06:06:56', '2020-02-21 06:06:56'),
(257, 18, 'Chanel Feeney', 'Pariatur et quis nisi ut debitis enim. Minima ea et amet aut dolor non veniam vel. Quo repudiandae dolores molestiae. Sint quis expedita ad ab ipsam tenetur. Eius facere quia magni.', 3, '2020-02-21 06:06:57', '2020-02-21 06:06:57'),
(258, 22, 'Dr. Trevor Huels III', 'Occaecati non aut et unde quos repudiandae error. Rerum dolores error est quisquam voluptatem non tempora. Eum molestiae voluptatibus omnis repellat. Libero esse totam consequuntur voluptatem sit fugit esse et.', 0, '2020-02-21 06:06:57', '2020-02-21 06:06:57'),
(259, 170, 'Jonathon Yundt', 'Magnam minus molestias qui. Expedita vel aliquam nulla sint non consequuntur et. Aperiam nihil et magni. Repellat facere nihil odio velit est ea.', 3, '2020-02-21 06:06:57', '2020-02-21 06:06:57'),
(260, 133, 'Ashley Shanahan', 'Dicta ratione corrupti modi corrupti. Harum rerum at est omnis dignissimos. Et quibusdam aut eaque non non doloremque quis dolor. Doloremque architecto error rem.', 5, '2020-02-21 06:06:57', '2020-02-21 06:06:57'),
(261, 128, 'Maggie Rice V', 'Aut porro asperiores atque fuga nihil fugiat. Ad velit praesentium earum facilis. Nemo perspiciatis et quibusdam aut similique. Ut incidunt quia itaque rerum.', 4, '2020-02-21 06:06:57', '2020-02-21 06:06:57'),
(262, 73, 'Marcelle Moore', 'Aut distinctio officiis sint perferendis. Ipsum ea in quaerat vel necessitatibus quasi. Et libero quibusdam voluptatibus reprehenderit.', 2, '2020-02-21 06:06:57', '2020-02-21 06:06:57'),
(263, 166, 'Darwin Maggio', 'Facere quas porro molestias corrupti soluta. Facilis eum non modi magnam. Non qui rem nihil laborum et enim occaecati.', 3, '2020-02-21 06:06:57', '2020-02-21 06:06:57'),
(264, 64, 'Dr. Arlo Boyle', 'Debitis cumque tenetur dicta atque nihil aut et sit. Ipsum iure qui dolores veritatis ut inventore aut in. Reiciendis iusto et molestiae vero eum. Architecto facere adipisci quae impedit.', 3, '2020-02-21 06:06:57', '2020-02-21 06:06:57'),
(265, 118, 'Ima Weber', 'Facilis vel nam necessitatibus rerum exercitationem. Facilis ipsum perspiciatis animi pariatur. Possimus consequuntur molestiae similique explicabo.', 3, '2020-02-21 06:06:57', '2020-02-21 06:06:57'),
(266, 166, 'Elvis Thiel', 'Non id fugit eveniet sit ex. Asperiores earum neque ut. Doloribus nam cum quo ad. Amet ut cumque non in dolores sed et aliquid.', 0, '2020-02-21 06:06:57', '2020-02-21 06:06:57'),
(267, 149, 'Prof. Jillian Volkman', 'Fuga consequatur repudiandae ex perferendis. Molestiae iusto repellendus sequi ad.', 3, '2020-02-21 06:06:57', '2020-02-21 06:06:57'),
(268, 190, 'Guy Borer', 'Porro est molestias a pariatur impedit. Aut placeat omnis iure aperiam. Repellat sunt nostrum similique aut omnis nobis blanditiis. Voluptate omnis quis est quam neque.', 1, '2020-02-21 06:06:58', '2020-02-21 06:06:58'),
(269, 9, 'Addie Bode', 'Provident dignissimos quo autem quisquam. Dignissimos dolorem ut dolorum adipisci rerum necessitatibus nesciunt. Molestias eum perferendis soluta porro expedita.', 2, '2020-02-21 06:06:58', '2020-02-21 06:06:58'),
(270, 24, 'Parker Breitenberg', 'Ut consequatur ipsa autem molestias. Quis sed rerum et tenetur rerum. Laboriosam possimus vitae omnis nihil quia eveniet voluptas rerum.', 2, '2020-02-21 06:06:58', '2020-02-21 06:06:58'),
(271, 38, 'Tressa Bogan', 'Accusantium sit natus sed. Deserunt error laborum exercitationem rem ut optio. Dolorem illo aut ut excepturi deleniti quaerat.', 1, '2020-02-21 06:06:58', '2020-02-21 06:06:58'),
(272, 127, 'Frida Witting', 'Et cum est aut corrupti. Debitis quas ullam mollitia. Quaerat mollitia impedit iste ut similique quidem ea.', 2, '2020-02-21 06:06:58', '2020-02-21 06:06:58'),
(273, 115, 'Mr. Judah Spencer', 'Temporibus beatae quod praesentium quis sunt autem. Doloremque maxime dicta quia eaque. Exercitationem commodi eos et molestias officiis qui. Earum sed blanditiis et dolores quia incidunt sed.', 5, '2020-02-21 06:06:58', '2020-02-21 06:06:58'),
(274, 150, 'Efrain Jones I', 'Et dolorem eligendi dolorem aliquid. Qui accusamus est impedit perferendis. Porro nobis error dolore esse molestiae. Neque et in omnis neque laborum impedit qui.', 5, '2020-02-21 06:06:59', '2020-02-21 06:06:59'),
(275, 107, 'Shyann Botsford DVM', 'Assumenda et et et nesciunt quo natus. Amet dolor aliquid inventore iure in. Laudantium eos distinctio recusandae asperiores excepturi.', 0, '2020-02-21 06:06:59', '2020-02-21 06:06:59'),
(276, 68, 'Marcelle Parisian', 'Sit ipsa labore pariatur aspernatur. Delectus quod et sit totam. Sed dicta sed eos a cumque ad iste commodi.', 5, '2020-02-21 06:06:59', '2020-02-21 06:06:59'),
(277, 11, 'Wendy Johnson', 'Dolorem non natus culpa adipisci aspernatur nesciunt. Nihil voluptas voluptatibus rem et consequuntur velit tempora dolores.', 4, '2020-02-21 06:06:59', '2020-02-21 06:06:59'),
(278, 129, 'Nya Jerde', 'Et dolorem suscipit hic ullam dolores. Voluptatibus in esse amet est. Sit a dolore molestias non dicta distinctio sed. Quo ut magni sit aut nesciunt est officia.', 2, '2020-02-21 06:06:59', '2020-02-21 06:06:59'),
(279, 134, 'Asha Windler', 'Commodi nihil vitae explicabo. Molestiae fugiat est sint voluptas. Voluptatem eum adipisci tempore ipsa pariatur.', 2, '2020-02-21 06:06:59', '2020-02-21 06:06:59'),
(280, 117, 'Stephanie Rice V', 'Distinctio sapiente nulla aut minus. Nulla dolorem qui consequatur temporibus molestiae cupiditate repudiandae quis. Id ipsam voluptates consequatur sit qui. Ut aliquid nulla nesciunt illo nobis tenetur.', 0, '2020-02-21 06:06:59', '2020-02-21 06:06:59'),
(281, 27, 'Lottie Spinka III', 'Dolor vel quos labore occaecati. Voluptas quia officiis labore accusantium. Eum non possimus et deserunt sint voluptatem sed.', 4, '2020-02-21 06:06:59', '2020-02-21 06:06:59'),
(282, 25, 'Grant Wolff Sr.', 'Voluptate eum animi velit in. Nisi quod consectetur eum nobis saepe qui. Aspernatur cum consectetur aspernatur doloremque omnis quae et iure. Iure et laboriosam iste et.', 1, '2020-02-21 06:06:59', '2020-02-21 06:06:59'),
(283, 150, 'Mr. Tomas Rolfson', 'Eligendi eos in voluptatem odio. Excepturi dolores corrupti reprehenderit dolorem est. Est deleniti qui tenetur aut maiores eligendi dolores.', 5, '2020-02-21 06:07:00', '2020-02-21 06:07:00'),
(284, 67, 'Prof. Brant Dach IV', 'Qui sint at deleniti cum assumenda. At sit sit magni corporis. Ab enim rem qui voluptates non in.', 0, '2020-02-21 06:07:00', '2020-02-21 06:07:00'),
(285, 6, 'Ms. Susan Grady IV', 'Fugiat pariatur in aut iure facilis. Libero qui dicta eos autem et ut et cupiditate. Numquam alias porro voluptates occaecati odio.', 1, '2020-02-21 06:07:00', '2020-02-21 06:07:00'),
(286, 33, 'Herminia Farrell', 'Dolor fuga ea laudantium veniam. Exercitationem animi aliquid architecto non cupiditate. Vitae porro numquam ex quasi. Dolorem ea autem ut rerum necessitatibus sit pariatur.', 0, '2020-02-21 06:07:00', '2020-02-21 06:07:00'),
(287, 125, 'Janie Stanton', 'Quibusdam error et enim et quibusdam aut. Et ut nisi cupiditate nam.', 0, '2020-02-21 06:07:00', '2020-02-21 06:07:00'),
(288, 3, 'Davon Gleichner', 'Id quo delectus et tempore. Numquam perferendis fuga harum repellat. Quis non voluptates ipsam. Cupiditate corrupti aut ipsum ut voluptatem.', 3, '2020-02-21 06:07:00', '2020-02-21 06:07:00'),
(289, 97, 'Pearlie Ruecker', 'Ea modi cum et iusto autem minus maxime. Ipsum ab dicta odio et dolor accusamus. Quas omnis enim repellat delectus consequatur et.', 0, '2020-02-21 06:07:00', '2020-02-21 06:07:00'),
(290, 189, 'Ervin O\'Hara', 'Et tempore id quidem. Veritatis molestiae ipsa magni quos voluptate sed sequi sed. Perferendis voluptatibus nam assumenda alias nostrum aperiam.', 4, '2020-02-21 06:07:00', '2020-02-21 06:07:00'),
(291, 87, 'Dewitt Hickle', 'Assumenda quia sit tempore perspiciatis veritatis ex. Eos voluptatem voluptatem tempore perferendis recusandae. Repellendus enim cupiditate qui consequatur quo voluptates et. Sed asperiores veniam repellendus nesciunt sed.', 4, '2020-02-21 06:07:00', '2020-02-21 06:07:00'),
(292, 156, 'Lilliana Stroman', 'Aut assumenda doloribus vel sed unde delectus doloribus saepe. Ea sint dignissimos quia debitis eaque similique aut. Quia quisquam voluptatibus sapiente labore. Quisquam sed laboriosam eum numquam.', 0, '2020-02-21 06:07:01', '2020-02-21 06:07:01'),
(293, 179, 'Tyrell Bartell', 'Consequatur expedita aut quae numquam aspernatur ut. Consectetur in fugiat sint veniam. Repellendus voluptate alias fuga omnis sit et et. Et tempora quia fugiat.', 4, '2020-02-21 06:07:01', '2020-02-21 06:07:01'),
(294, 36, 'Abel Turner', 'Ullam architecto facere ullam eos quasi nam. Nam quos nesciunt magni deleniti eos est. Qui expedita expedita repudiandae. Eligendi suscipit nobis adipisci occaecati consequatur dolores non.', 4, '2020-02-21 06:07:01', '2020-02-21 06:07:01'),
(295, 8, 'Madie Hagenes', 'Itaque velit voluptas et quos nulla qui eos. Unde commodi est mollitia porro quaerat aut. Incidunt voluptas ducimus tempore iusto. Rerum aspernatur debitis quia nisi aperiam veritatis.', 0, '2020-02-21 06:07:01', '2020-02-21 06:07:01'),
(296, 148, 'Miss Ivory Bahringer Jr.', 'Dolorem praesentium qui aut suscipit itaque facere. Rerum eos nobis quasi laudantium aut rerum sequi sunt. Repudiandae nihil commodi excepturi laudantium quaerat. Quam et corrupti fuga sequi et et.', 3, '2020-02-21 06:07:02', '2020-02-21 06:07:02'),
(297, 93, 'Joaquin Krajcik', 'Ut sunt dolore molestiae enim voluptates. Minus architecto laboriosam beatae quae. Non mollitia a a corporis adipisci ipsa.', 2, '2020-02-21 06:07:02', '2020-02-21 06:07:02'),
(298, 18, 'Geo Eichmann', 'Facilis ea sunt voluptatem dolor. Quo quidem ipsa quia officia placeat. Cum fugiat veniam natus sunt aut adipisci eaque ipsa.', 5, '2020-02-21 06:07:02', '2020-02-21 06:07:02'),
(299, 32, 'Triston Schowalter', 'Cum veniam assumenda sint vitae nobis. Tempore rerum asperiores voluptatibus. Pariatur vitae iusto rerum vel libero porro ipsum. Quo ea facilis ex.', 4, '2020-02-21 06:07:02', '2020-02-21 06:07:02'),
(300, 101, 'Kamron VonRueden', 'In aliquam ullam sint dolorem enim fugit qui. Corporis enim molestiae ullam sint rerum. Dolorum quo aut libero dolorem aliquid quibusdam. Et voluptas aut sed facere distinctio quo accusantium odio.', 0, '2020-02-21 06:07:02', '2020-02-21 06:07:02');

-- --------------------------------------------------------

--
-- Table structure for table `users`
--

CREATE TABLE `users` (
  `id` bigint(20) UNSIGNED NOT NULL,
  `name` varchar(255) COLLATE utf8mb4_unicode_ci NOT NULL,
  `email` varchar(255) COLLATE utf8mb4_unicode_ci NOT NULL,
  `email_verified_at` timestamp NULL DEFAULT NULL,
  `password` varchar(255) COLLATE utf8mb4_unicode_ci NOT NULL,
  `remember_token` varchar(100) COLLATE utf8mb4_unicode_ci DEFAULT NULL,
  `created_at` timestamp NULL DEFAULT NULL,
  `updated_at` timestamp NULL DEFAULT NULL
) ENGINE=InnoDB DEFAULT CHARSET=utf8mb4 COLLATE=utf8mb4_unicode_ci;

--
-- Indexes for dumped tables
--

--
-- Indexes for table `failed_jobs`
--
ALTER TABLE `failed_jobs`
  ADD PRIMARY KEY (`id`);

--
-- Indexes for table `migrations`
--
ALTER TABLE `migrations`
  ADD PRIMARY KEY (`id`);

--
-- Indexes for table `password_resets`
--
ALTER TABLE `password_resets`
  ADD KEY `password_resets_email_index` (`email`);

--
-- Indexes for table `products`
--
ALTER TABLE `products`
  ADD PRIMARY KEY (`id`);

--
-- Indexes for table `reviews`
--
ALTER TABLE `reviews`
  ADD PRIMARY KEY (`id`),
  ADD KEY `reviews_product_id_index` (`product_id`);

--
-- Indexes for table `users`
--
ALTER TABLE `users`
  ADD PRIMARY KEY (`id`),
  ADD UNIQUE KEY `users_email_unique` (`email`);

--
-- AUTO_INCREMENT for dumped tables
--

--
-- AUTO_INCREMENT for table `failed_jobs`
--
ALTER TABLE `failed_jobs`
  MODIFY `id` bigint(20) UNSIGNED NOT NULL AUTO_INCREMENT;

--
-- AUTO_INCREMENT for table `migrations`
--
ALTER TABLE `migrations`
  MODIFY `id` int(10) UNSIGNED NOT NULL AUTO_INCREMENT, AUTO_INCREMENT=6;

--
-- AUTO_INCREMENT for table `products`
--
ALTER TABLE `products`
  MODIFY `id` int(10) UNSIGNED NOT NULL AUTO_INCREMENT, AUTO_INCREMENT=201;

--
-- AUTO_INCREMENT for table `reviews`
--
ALTER TABLE `reviews`
  MODIFY `id` int(10) UNSIGNED NOT NULL AUTO_INCREMENT, AUTO_INCREMENT=301;

--
-- AUTO_INCREMENT for table `users`
--
ALTER TABLE `users`
  MODIFY `id` bigint(20) UNSIGNED NOT NULL AUTO_INCREMENT;

--
-- Constraints for dumped tables
--

--
-- Constraints for table `reviews`
--
ALTER TABLE `reviews`
  ADD CONSTRAINT `reviews_product_id_foreign` FOREIGN KEY (`product_id`) REFERENCES `products` (`id`) ON DELETE CASCADE;
COMMIT;

/*!40101 SET CHARACTER_SET_CLIENT=@OLD_CHARACTER_SET_CLIENT */;
/*!40101 SET CHARACTER_SET_RESULTS=@OLD_CHARACTER_SET_RESULTS */;
/*!40101 SET COLLATION_CONNECTION=@OLD_COLLATION_CONNECTION */;
